playerid,season,name,team,position,games_played,mins_played,shifts,shots_on_goal,shot_attempts,points,goals,assists,primary_assists,secondary_assists,blocked_shots,hits,takeaways,giveaways,faceoffswon,faceoffslost,penalties,penalty_mins,penaltiesdrawn,penalityminutesdrawn,pp_points,pp_goals,pp_assists,pk_points,pk_goals,pk_assists
8470794,2020,Joe Pavelski,DAL,C,56,1065.53,1395,139,242,51,25,26,14,12,39,64,17,20,364,335,8,16,12,24,18,10,8,0,0,0
8479514,2020,Rem Pitlick,NSH,C,10,113.03,150,11,13,2,0,2,2,0,1,8,0,3,15,21,2,4,1,2,0,0,0,0,0,0
8477948,2020,Travis Sanheim,PHI,D,55,1203.4,1595,99,195,14,2,12,5,7,73,48,17,40,0,0,10,23,10,23,0,0,0,0,0,0
8480950,2020,Ilya Lyubushkin,ARI,D,42,658.78,897,36,72,2,1,1,1,0,72,103,8,13,0,0,5,10,5,10,0,0,0,0,0,0
8470144,2020,Frans Nielsen,DET,C,29,350.58,496,24,37,6,1,5,3,2,12,23,7,4,20,19,0,0,4,8,0,0,0,0,0,0
8475163,2020,Alex Chiasson,EDM,R,45,561.78,682,65,99,16,9,7,3,4,7,40,13,10,2,3,6,21,3,12,7,5,2,0,0,0
8480802,2020,Ryan McLeod,EDM,C,10,127.88,167,3,12,1,0,1,1,0,5,3,1,6,41,40,0,0,1,2,0,0,0,0,0,0
8482654,2020,Jackson Cates,PHI,C,4,42.4,66,7,8,1,0,1,1,0,0,0,1,1,13,11,0,0,1,2,0,0,0,0,0,0
8475842,2020,Sam Carrick,ANA,C,13,167.98,240,23,35,6,2,4,2,2,3,29,2,6,33,30,6,18,8,22,1,0,1,0,0,0
8475760,2020,Nick Bjugstad,MIN,C,44,519.68,650,78,117,17,6,11,7,4,22,48,12,10,127,145,7,17,4,13,1,0,1,0,0,0
8475168,2020,Matt Duchene,NSH,C,34,537.87,651,72,125,13,6,7,5,2,10,30,13,15,161,139,3,6,11,22,2,0,2,0,0,0
8475166,2020,John Tavares,TOR,C,56,1019,1189,163,278,50,19,31,18,13,28,51,32,55,470,381,7,14,13,26,10,5,5,0,0,0
8480186,2020,Alexander Volkov,ANA,R,37,430.88,568,35,51,13,7,6,1,5,25,36,11,5,2,3,3,6,3,6,0,0,0,0,0,0
8475625,2020,Matt Irwin,BUF,D,24,390.02,462,27,46,2,0,2,2,0,43,56,7,7,0,0,8,19,3,9,0,0,0,0,0,0
8479393,2020,Noah Gregor,S.J,C,30,351.75,491,60,98,6,5,1,0,1,19,47,11,6,20,49,3,6,4,8,0,0,0,0,0,0
8477038,2020,Nikita Gusev,FLA,L,27,388.73,487,58,96,10,4,6,3,3,1,3,9,18,0,0,1,2,2,4,2,0,2,0,0,0
8479996,2020,Cody Glass,VGK,C,27,392.58,493,28,55,10,4,6,4,2,9,10,11,6,110,149,4,8,6,12,5,4,1,0,0,0
8475171,2020,Oliver Ekman-Larsson,ARI,D,46,964.52,1211,83,175,24,3,21,11,10,26,72,12,25,0,0,16,32,8,16,14,2,12,0,0,0
8474709,2020,Matt Martin,NYI,L,54,597.73,835,68,93,11,6,5,4,1,23,181,11,6,3,9,10,26,8,22,2,1,1,0,0,0
8475167,2020,Victor Hedman,T.B,D,54,1352.73,1500,138,313,45,9,36,22,14,73,51,12,28,0,0,13,28,10,20,23,1,22,0,0,0
8474715,2020,Cam Atkinson,CBJ,R,56,1059.13,1321,158,250,34,15,19,12,7,30,22,22,45,7,23,2,4,6,10,9,1,8,3,3,0
8476470,2020,Nathan Beaulieu,WPG,D,25,418.18,523,26,52,1,0,1,0,1,30,39,3,23,0,0,7,20,3,12,0,0,0,0,0,0
8480945,2020,Juuso Riikola,PIT,D,2,22.85,34,1,4,0,0,0,0,0,1,5,0,0,0,0,0,0,0,0,0,0,0,0,0,0
8477962,2020,Brendan Lemieux,L.A,L,49,495.23,719,50,94,11,4,7,5,2,26,109,8,13,6,20,18,51,21,59,0,0,0,0,0,0
8477210,2020,Buddy Robinson,CGY,R,9,64.23,103,6,13,0,0,0,0,0,0,14,4,2,1,2,0,0,1,2,0,0,0,0,0,0
8478402,2020,Connor McDavid,EDM,C,56,1240.3,1182,200,314,105,33,72,50,22,24,61,36,47,316,321,10,20,28,54,33,9,24,0,0,0
8476624,2020,Barclay Goodrow,T.B,C,55,831.58,1131,72,102,20,6,14,6,8,27,110,16,12,163,161,20,52,10,32,0,0,0,0,0,0
8478430,2020,Oliver Kylington,CGY,D,8,104.65,151,7,16,1,0,1,1,0,1,3,2,4,0,0,0,0,0,0,0,0,0,0,0,0
8475455,2020,Brenden Dillon,WSH,D,56,1060.78,1326,51,138,19,2,17,7,10,61,143,13,27,0,0,16,44,8,28,1,0,1,1,0,1
8478996,2020,Adam Brooks,TOR,C,11,117.43,170,10,14,5,4,1,0,1,2,14,4,4,7,10,0,0,1,2,1,1,0,1,1,0
8476850,2020,Ryan Murray,N.J,D,48,893.8,1098,29,67,14,0,14,4,10,73,38,11,22,0,0,3,8,0,0,0,0,0,0,0,0
8479442,2020,Troy Stecher,DET,D,44,760.63,952,55,129,11,3,8,2,6,44,33,9,29,0,0,6,12,4,8,0,0,0,0,0,0
8474589,2020,Tyler Ennis,EDM,C,30,363.78,463,38,59,9,3,6,3,3,6,43,10,9,6,3,3,6,4,8,0,0,0,0,0,0
8477126,2020,Jayson Megna,COL,C,7,71.77,107,12,15,2,0,2,2,0,3,14,1,0,12,10,0,0,3,6,0,0,0,0,0,0
8475799,2020,Nino Niederreiter,CAR,R,56,880.18,1090,126,205,35,20,15,8,7,17,68,16,26,1,6,13,29,11,27,5,4,1,0,0,0
8478873,2020,Troy Terry,ANA,R,48,705.63,957,69,129,20,7,13,10,3,13,5,19,23,2,2,8,18,12,24,0,0,0,0,0,0
8479364,2020,Tim Gettinger,NYR,L,2,23.65,36,2,2,0,0,0,0,0,1,5,1,0,1,0,0,0,0,0,0,0,0,0,0,0
8477541,2020,Dakota Mermis,MIN,D,3,49.2,59,2,6,0,0,0,0,0,4,10,0,1,0,0,0,0,0,0,0,0,0,0,0,0
8477346,2020,MacKenzie Weegar,FLA,D,54,1194.33,1515,101,181,36,6,30,14,16,83,114,43,51,0,0,17,35,12,27,1,0,1,2,0,2
8478010,2020,Brayden Point,T.B,C,56,1030.72,1182,131,213,48,23,25,12,13,17,23,27,11,256,262,4,11,21,47,14,5,9,0,0,0
8476399,2020,Blake Coleman,T.B,C,55,851.53,1149,121,181,31,14,17,7,10,20,109,25,19,2,7,17,37,19,39,1,1,0,0,0,0
8476853,2020,Morgan Rielly,TOR,D,55,1298.68,1425,101,218,36,5,31,11,20,61,63,19,75,0,0,7,14,6,12,9,1,8,1,0,1
8479661,2020,Tanner Jeannot,NSH,L,15,181.95,248,23,33,7,5,2,2,0,7,53,0,5,1,2,1,2,2,4,0,0,0,2,1,1
8474166,2020,Alec Martinez,VGK,D,53,1196.2,1355,85,183,31,9,22,9,13,165,44,12,26,0,0,6,12,1,2,8,3,5,0,0,0
8480807,2020,Mattias Samuelsson,BUF,D,12,216.37,249,10,20,2,0,2,0,2,10,20,2,4,0,0,2,4,3,6,0,0,0,0,0,0
8477505,2020,Alex Wennberg,FLA,C,56,1018.77,1291,81,132,29,17,12,7,5,36,29,29,20,389,400,4,8,12,24,5,2,3,1,1,0
8476479,2020,Phillip Danault,MTL,C,53,894.7,1261,73,140,24,5,19,15,4,28,76,14,31,475,431,12,24,8,16,0,0,0,1,0,1
8474150,2020,Mikael Backlund,CGY,C,54,950.08,1261,144,244,32,9,23,9,14,21,43,48,49,387,358,14,30,9,20,6,0,6,2,1,1
8477043,2020,Christian Djoos,DET,D,36,542.93,714,39,77,11,2,9,5,4,26,10,5,21,0,0,7,14,2,6,4,1,3,0,0,0
8475231,2020,Casey Cizikas,NYI,C,56,774.92,1114,72,112,14,7,7,5,2,25,112,12,16,342,297,12,27,13,31,0,0,0,0,0,0
8476873,2020,Mark Jankowski,PIT,C,45,482,737,35,62,11,4,7,2,5,21,35,14,3,152,172,3,6,2,4,0,0,0,0,0,0
8476454,2020,Ryan Nugent-Hopkins,EDM,C,52,1079.87,1085,135,243,35,16,19,10,9,29,26,22,33,73,87,11,22,11,22,19,8,11,0,0,0
8475200,2020,Dmitry Orlov,WSH,D,51,1010.55,1208,83,164,22,8,14,6,8,50,87,30,25,0,0,10,20,4,8,2,0,2,0,0,0
8474581,2020,Jake Gardiner,CAR,D,26,417.23,502,23,62,8,0,8,4,4,15,15,5,13,0,0,4,11,1,5,3,0,3,0,0,0
8478846,2020,Christian Wolanin,L.A,D,18,239.58,315,16,32,3,0,3,2,1,7,3,1,13,0,0,4,8,1,2,0,0,0,0,0,0
8479400,2020,Pierre-Luc Dubois,WPG,L,46,690.28,899,76,131,21,9,12,5,7,26,59,18,10,166,216,14,28,13,26,6,1,5,0,0,0
8479980,2020,Nicolas Hague,VGK,D,52,831.97,1057,78,185,17,5,12,6,6,65,94,10,15,0,0,14,31,8,19,0,0,0,0,0,0
8475790,2020,Erik Gudbranson,NSH,D,45,806.62,1047,58,121,4,1,3,1,2,64,111,6,33,0,0,19,49,13,35,0,0,0,0,0,0
8474149,2020,Evgenii Dadonov,OTT,R,55,856.83,1099,89,163,20,13,7,5,2,26,38,17,25,0,1,2,4,8,16,1,0,1,0,0,0
8477435,2020,Ryan Graves,COL,D,54,1029.02,1248,101,226,15,2,13,6,7,91,77,18,24,0,0,16,35,3,9,0,0,0,0,0,0
8478069,2020,Daniel Walcott,T.B,L,1,10.05,15,1,1,0,0,0,0,0,0,7,1,0,0,1,1,5,1,5,0,0,0,0,0,0
8476872,2020,Scott Laughton,PHI,C,53,816.93,1167,89,133,20,9,11,9,2,34,141,20,17,211,220,13,29,9,21,0,0,0,1,1,0
8477986,2020,Brandon Montour,FLA,D,50,1024.17,1191,94,173,18,7,11,7,4,62,54,15,22,0,0,15,30,6,12,1,0,1,1,1,0
8474027,2020,Justin Braun,PHI,D,53,982.48,1369,59,119,6,1,5,1,4,73,78,7,31,0,0,9,18,2,4,0,0,0,0,0,0
8478233,2020,Andrew Mangiapane,CGY,L,56,933.05,1254,91,169,32,18,14,13,1,33,51,40,18,2,15,11,24,11,22,5,2,3,1,1,0
8470604,2020,Jeff Carter,PIT,C,54,894.53,1218,154,226,30,17,13,8,5,30,41,20,16,153,161,11,22,2,4,3,1,2,0,0,0
8479465,2020,Drake Caggiula,BUF,C,38,471.3,672,46,77,10,3,7,4,3,9,64,9,10,6,8,7,19,6,15,0,0,0,0,0,0
8480831,2020,Alec Regula,CHI,D,3,37.13,43,1,4,0,0,0,0,0,3,3,2,2,0,0,0,0,0,0,0,0,0,0,0,0
8479366,2020,Logan Brown,OTT,C,1,9.67,13,0,2,0,0,0,0,0,0,0,0,1,0,4,1,2,0,0,0,0,0,0,0,0
8476807,2020,Matt Tennyson,N.J,D,21,304.6,428,14,29,3,1,2,2,0,25,32,1,8,0,0,1,2,1,2,0,0,0,0,0,0
8482248,2020,Fredrik Handemark,S.J,C,8,75.65,106,5,8,1,1,0,0,0,1,14,2,3,29,30,1,2,0,0,0,0,0,0,0,0
8477359,2020,Tucker Poolman,WPG,D,39,714.02,899,50,97,1,0,1,1,0,49,69,8,34,0,0,1,2,6,12,0,0,0,0,0,0
8479550,2020,Tanner Laczynski,PHI,C,5,49.88,83,6,9,0,0,0,0,0,1,5,2,1,11,16,0,0,0,0,0,0,0,0,0,0
8476870,2020,Stefan Matteau,CBJ,C,18,194.83,279,15,29,1,1,0,0,0,9,35,7,5,2,5,3,9,2,7,0,0,0,0,0,0
8481077,2020,John Leonard,S.J,L,44,495.52,708,60,104,13,3,10,7,3,17,25,13,11,0,1,1,2,2,4,1,1,0,0,0,0
8479026,2020,Philippe Myers,PHI,D,44,830.78,1120,76,168,11,1,10,5,5,40,69,19,27,0,0,11,22,5,10,0,0,0,0,0,0
8475208,2020,Brian Dumoulin,PIT,D,41,916.78,1076,50,104,14,4,10,3,7,55,63,24,18,0,0,6,12,8,16,0,0,0,1,0,1
8475807,2020,Joakim Nordstrom,CGY,C,44,508.47,754,46,81,7,1,6,1,5,30,92,10,11,5,10,3,6,8,16,0,0,0,0,0,0
8476856,2020,Matt Dumba,MIN,D,51,1135.5,1184,88,185,20,5,15,9,6,75,74,11,32,0,0,13,26,8,16,5,1,4,0,0,0
8474568,2020,Luke Schenn,T.B,D,38,407.53,588,42,89,4,2,2,2,0,16,99,6,10,0,0,13,41,5,25,0,0,0,0,0,0
8477015,2020,Connor Brown,OTT,R,56,1021.55,1333,123,200,35,21,14,6,8,30,22,56,29,12,15,6,12,9,18,2,1,1,5,5,0
8476346,2020,Johnny Gaudreau,CGY,L,56,1031.17,1225,112,197,48,19,29,22,7,9,8,23,59,0,1,3,6,18,36,17,6,11,0,0,0
8478398,2020,Kyle Connor,WPG,L,56,1050.2,1171,166,302,49,26,23,13,10,18,18,37,32,6,4,6,12,9,18,11,8,3,0,0,0
8481014,2020,Alexander Romanov,MTL,D,54,932.3,1076,71,191,6,1,5,3,2,60,138,8,49,0,0,9,21,8,19,1,0,1,0,0,0
8470606,2020,Dustin Brown,L.A,R,49,863.7,1063,128,206,31,16,15,10,5,10,85,11,31,2,2,9,18,15,30,10,8,2,0,0,0
8474586,2020,Jordan Eberle,NYI,R,55,921.47,1118,128,203,33,16,17,9,8,18,30,15,15,3,4,8,16,11,22,5,1,4,0,0,0
8477496,2020,Elias Lindholm,CGY,C,56,1114.22,1430,130,202,47,19,28,12,16,34,53,30,26,509,482,11,22,12,26,14,5,9,1,0,1
8475744,2020,Evgeny Kuznetsov,WSH,C,41,679.45,852,78,122,29,9,20,13,7,18,21,16,19,204,289,9,18,5,10,7,1,6,0,0,0
8478446,2020,Glenn Gawdin,CGY,C,7,48.47,77,1,5,1,0,1,1,0,1,12,3,0,19,16,0,0,1,2,0,0,0,0,0,0
8477384,2020,Josh Brown,OTT,D,26,367.65,499,8,31,1,0,1,1,0,40,71,3,15,0,0,12,30,7,20,0,0,0,0,0,0
8475793,2020,Ryan Johansen,NSH,C,48,812.92,1009,67,105,21,7,14,7,7,16,43,13,20,424,398,11,22,6,12,7,3,4,0,0,0
8469455,2020,Jason Spezza,TOR,C,54,595.57,913,81,138,30,10,20,15,5,10,26,15,28,276,208,3,6,7,14,4,1,3,0,0,0
8473564,2020,Michael Frolik,MTL,R,8,91.57,115,14,25,0,0,0,0,0,1,9,2,1,6,4,0,0,1,2,0,0,0,0,0,0
8478469,2020,Thomas Chabot,OTT,D,49,1287.92,1307,120,241,31,6,25,17,8,72,68,18,82,0,0,17,36,9,22,5,0,5,0,0,0
8480944,2020,Par Lindholm,BOS,C,1,12.92,17,0,0,0,0,0,0,0,0,0,0,0,4,1,0,0,0,0,0,0,0,0,0,0
8476469,2020,Joel Armia,MTL,R,41,602.75,851,73,123,14,7,7,5,2,13,86,18,18,7,16,4,10,8,16,1,1,0,2,1,1
8478399,2020,Jonas Siegenthaler,N.J,D,15,234.25,292,7,29,0,0,0,0,0,17,20,3,10,0,0,2,4,1,2,0,0,0,0,0,0
8478495,2020,Denis Gurianov,DAL,R,55,871.73,1188,130,251,30,12,18,10,8,12,63,18,29,0,1,8,21,11,25,8,4,4,0,0,0
8480293,2020,Wyatt Kalynuk,CHI,D,21,341.7,419,26,48,9,4,5,2,3,21,25,2,17,0,0,2,4,0,0,0,0,0,0,0,0
8476880,2020,Tom Wilson,WSH,R,47,777.3,1024,83,138,32,13,19,14,5,25,105,20,16,11,15,22,56,20,52,7,3,4,1,1,0
8478451,2020,Ethan Bear,EDM,D,43,772.35,945,53,100,8,2,6,2,4,55,31,13,41,0,0,7,14,8,18,0,0,0,0,0,0
8477919,2020,Frederick Gaudreau,PIT,C,19,248.22,375,20,35,10,2,8,3,5,9,9,14,4,87,75,1,2,0,0,0,0,0,1,0,1
8477504,2020,Josh Morrissey,WPG,D,56,1319.77,1512,116,246,21,4,17,8,9,86,78,14,42,0,0,11,25,3,9,8,1,7,0,0,0
8476779,2020,Brad Hunt,MIN,D,12,148,185,14,31,1,1,0,0,0,6,4,2,1,0,0,2,4,0,0,0,0,0,0,0,0
8476887,2020,Filip Forsberg,NSH,L,39,713.93,842,128,212,32,12,20,9,11,14,47,22,21,2,5,8,16,8,16,12,2,10,0,0,0
8480448,2020,Parker Kelly,OTT,C,1,7.53,12,1,1,1,1,0,0,0,0,4,0,0,1,0,0,0,0,0,0,0,0,0,0,0
8480160,2020,Radim Simek,S.J,D,40,568.5,785,26,50,6,2,4,1,3,49,76,7,13,0,0,6,15,7,17,0,0,0,0,0,0
8477220,2020,Nate Schmidt,VAN,D,54,1085.55,1311,76,159,15,5,10,8,2,72,15,18,68,0,0,2,4,1,2,0,0,0,0,0,0
8474230,2020,Micheal Haley,OTT,L,4,24.17,38,0,1,0,0,0,0,0,0,10,0,0,0,1,1,5,1,5,0,0,0,0,0,0
8478488,2020,Filip Chlapik,OTT,C,1,7.18,12,1,1,0,0,0,0,0,0,1,0,0,0,0,0,0,0,0,0,0,0,0,0,0
8477939,2020,William Nylander,TOR,R,51,846.63,1056,133,217,42,17,25,16,9,15,12,30,41,13,10,8,16,10,20,11,4,7,0,0,0
8474056,2020,P.K. Subban,N.J,D,44,984.55,1151,99,195,19,5,14,9,5,46,41,12,45,0,0,12,26,3,6,4,1,3,0,0,0
8481629,2020,Olle Alsing,OTT,D,4,43.32,65,1,3,0,0,0,0,0,2,4,1,2,0,0,0,0,0,0,0,0,0,0,0,0
8475314,2020,Anders Lee,NYI,L,27,473.13,574,80,117,19,12,7,5,2,13,39,7,9,63,65,6,12,6,12,4,3,1,0,0,0
8480829,2020,Jesperi Kotkaniemi,MTL,C,56,828.05,1090,87,158,20,5,15,9,6,27,84,33,24,263,285,6,12,8,16,4,0,4,0,0,0
8480172,2020,Jan Rutta,T.B,D,35,562.95,739,46,102,8,0,8,4,4,31,30,1,11,0,0,11,22,6,14,0,0,0,2,0,2
8475868,2020,Anthony Bitetto,NYR,D,14,202.17,278,12,25,4,1,3,1,2,10,21,2,3,0,0,7,20,4,14,1,0,1,0,0,0
8480011,2020,Klim Kostin,STL,C,2,27.6,33,0,2,1,0,1,1,0,0,9,1,2,0,0,0,0,1,2,0,0,0,0,0,0
8479387,2020,Keaton Middleton,COL,D,3,27.92,41,2,5,0,0,0,0,0,1,4,0,3,0,0,2,4,0,0,0,0,0,0,0,0
8480849,2020,Barrett Hayton,ARI,C,14,160.85,224,10,20,3,2,1,0,1,3,15,4,4,40,40,0,0,3,6,0,0,0,0,0,0
8480018,2020,Nick Suzuki,MTL,C,56,1018.17,1271,110,204,41,15,26,17,9,38,70,30,41,350,446,13,26,14,28,12,4,8,2,1,1
8474818,2020,Jordie Benn,WPG,D,39,575.45,779,45,92,10,1,9,5,4,51,19,5,19,0,0,3,9,1,5,0,0,0,0,0,0
8479323,2020,Adam Fox,NYR,D,55,1357.23,1559,102,181,47,5,42,19,23,102,23,38,36,0,1,7,14,5,10,22,2,20,2,1,1
8475754,2020,Brock Nelson,NYI,C,56,998.83,1263,121,206,33,18,15,10,5,26,36,22,26,351,356,6,14,7,14,9,7,2,0,0,0
8475958,2020,Michael Sgarbossa,WSH,C,5,48.98,66,4,5,2,0,2,0,2,2,1,4,0,10,19,0,0,0,0,0,0,0,0,0,0
8481540,2020,Cole Caufield,MTL,R,10,139.6,191,30,56,5,4,1,1,0,0,3,3,4,0,0,1,2,1,2,0,0,0,0,0,0
8475461,2020,Andrew Agozzino,ANA,L,3,36.53,52,3,5,1,0,1,1,0,7,6,0,1,16,16,0,0,0,0,0,0,0,0,0,0
8475462,2020,Radko Gudas,FLA,D,54,949.18,1283,84,167,11,2,9,2,7,71,244,14,32,0,0,14,40,13,38,0,0,0,0,0,0
8478414,2020,Timo Meier,S.J,R,54,867.15,1098,155,298,31,12,19,10,9,24,75,22,25,9,20,11,22,16,32,9,2,7,0,0,0
8478443,2020,Brandon Carlo,BOS,D,27,505.13,656,43,90,4,3,1,0,1,35,38,6,8,0,0,6,12,3,6,0,0,0,0,0,0
8477955,2020,Jared McCann,PIT,L,43,606.9,854,94,157,32,14,18,12,6,17,40,21,14,56,73,4,8,12,24,10,7,3,0,0,0
8481546,2020,Cam York,PHI,D,3,59.35,76,1,6,0,0,0,0,0,2,1,1,0,0,0,0,0,2,4,0,0,0,0,0,0
8478043,2020,Sam Lafferty,PIT,R,34,332.38,511,33,57,6,0,6,3,3,11,89,7,6,54,50,11,25,7,17,0,0,0,0,0,0
8480064,2020,Josh Norris,OTT,C,56,922.23,1248,96,168,35,17,18,8,10,34,72,17,28,379,345,5,13,10,25,11,4,7,0,0,0
8478415,2020,Jakub Zboril,BOS,D,42,716.78,1009,35,82,9,0,9,4,5,33,63,6,14,0,0,10,18,6,12,2,0,2,0,0,0
8479346,2020,Dillon Dube,CGY,C,51,695.62,947,84,156,22,11,11,6,5,14,59,15,32,9,8,10,20,10,20,2,2,0,0,0,0
8478099,2020,Kevin Labanc,S.J,R,55,903.27,1097,128,228,28,12,16,11,5,15,61,17,24,0,1,14,31,15,33,3,0,3,0,0,0
8473533,2020,Jordan Staal,CAR,C,53,978.93,1296,103,168,38,16,22,10,12,24,135,15,21,630,456,15,30,8,16,13,7,6,1,0,1
8475722,2020,Jason Zucker,PIT,L,38,596.13,811,67,119,18,9,9,6,3,15,69,18,13,3,7,9,21,7,17,4,1,3,0,0,0
8475213,2020,Drew Shore,CAR,C,4,33.97,48,3,4,0,0,0,0,0,0,2,1,0,3,12,1,2,0,0,0,0,0,0,0,0
8479329,2020,Frederic Allard,NSH,D,1,16.98,20,0,0,0,0,0,0,0,1,0,0,0,0,0,0,0,0,0,0,0,0,0,0,0
8480221,2020,Drake Rymsha,L.A,C,1,13.27,17,0,0,0,0,0,0,0,0,0,0,0,0,0,0,0,0,0,0,0,0,0,0,0
8476923,2020,Damon Severson,N.J,D,56,1258.07,1453,91,195,21,3,18,10,8,50,57,23,52,0,0,13,29,7,17,4,0,4,1,0,1
8477937,2020,Jake Virtanen,VAN,R,38,465.6,760,50,98,5,5,0,0,0,12,83,15,11,9,4,13,31,10,23,1,1,0,0,0,0
8471769,2020,Niklas Hjalmarsson,ARI,D,41,711.78,921,29,67,5,0,5,4,1,68,15,10,28,0,0,9,18,3,6,0,0,0,0,0,0
8475209,2020,Richard Panik,DET,R,48,593.55,794,59,104,13,4,9,5,4,21,70,16,15,6,8,9,18,8,16,1,1,0,0,0,0
8474590,2020,John Carlson,WSH,D,52,1236.62,1364,128,251,44,10,34,17,17,69,52,24,21,0,0,6,12,4,8,14,3,11,0,0,0
8471794,2020,Darren Helm,DET,L,47,690.35,922,83,130,8,3,5,2,3,21,39,13,10,6,3,5,10,10,20,0,0,0,0,0,0
8477506,2020,Ryan Pulock,NYI,D,56,1256.55,1475,121,234,17,2,15,10,5,106,97,9,32,0,0,4,8,4,8,1,0,1,0,0,0
8477425,2020,Miles Wood,N.J,L,55,823.2,1136,128,184,25,17,8,5,3,25,38,18,23,7,13,13,29,14,33,3,3,0,0,0,0
8475786,2020,Zach Hyman,TOR,L,43,832.42,984,115,183,32,15,17,6,11,21,69,17,17,18,37,13,28,11,24,5,3,2,0,0,0
8477527,2020,Ross Johnston,NYI,L,12,104.85,146,5,6,1,0,1,0,1,6,43,1,1,1,3,6,15,1,5,0,0,0,0,0,0
8476460,2020,Mark Scheifele,WPG,C,56,1173.65,1235,126,205,63,21,42,20,22,38,31,48,37,353,355,6,12,15,32,14,3,11,0,0,0
8479571,2020,Joachim Blichfeld,S.J,R,5,43.45,67,3,7,1,1,0,0,0,2,2,0,1,0,0,2,12,1,2,0,0,0,0,0,0
8481068,2020,Yegor Sharangovich,N.J,C,50,840.12,1104,109,203,28,15,13,6,7,16,18,34,28,20,51,2,4,10,20,2,2,0,1,1,0
8475825,2020,Jani Hakanpaa,CAR,D,57,1027.18,1321,54,122,4,2,2,2,0,83,215,3,36,1,0,16,35,5,13,0,0,0,1,0,1
8475834,2020,Marcus Sorensen,S.J,L,29,350.72,489,26,50,5,1,4,3,1,11,22,11,9,3,4,5,16,6,18,0,0,0,0,0,0
8480965,2020,Antti Suomela,S.J,C,4,44.48,63,4,5,0,0,0,0,0,4,6,2,1,14,11,0,0,0,0,0,0,0,0,0,0
8479314,2020,Matthew Tkachuk,CGY,L,56,1016.55,1254,151,262,43,16,27,18,9,9,132,21,61,3,4,23,55,22,53,15,4,11,0,0,0
8477341,2020,Andreas Johnsson,N.J,L,50,696.7,950,65,104,11,5,6,4,2,17,39,23,13,11,18,6,12,8,16,1,1,0,0,0,0
8478407,2020,Vince Dunn,STL,D,43,827.77,1103,73,164,20,6,14,6,8,51,36,10,26,0,0,9,18,7,14,7,2,5,0,0,0
8478859,2020,Niko Mikkola,STL,D,30,435.53,626,22,47,3,1,2,1,1,36,49,3,18,0,0,4,11,7,17,0,0,0,0,0,0
8477240,2020,Carter Rowney,ANA,C,19,271.18,390,10,18,6,0,6,5,1,21,45,8,3,8,6,1,2,2,4,0,0,0,0,0,0
8477938,2020,Haydn Fleury,ANA,D,47,723.68,912,62,126,4,3,1,0,1,55,63,7,27,0,0,4,8,3,6,0,0,0,0,0,0
8479324,2020,Ryan Lindgren,NYR,D,51,1020.12,1385,65,129,16,1,15,5,10,50,98,19,25,0,0,16,35,13,29,0,0,0,0,0,0
8477018,2020,Ben Hutton,TOR,D,38,701.25,908,54,101,5,1,4,1,3,39,44,8,22,0,0,4,11,3,9,0,0,0,0,0,0
8481442,2020,Brady Keeper,FLA,D,1,9.47,12,0,1,0,0,0,0,0,0,1,0,0,0,0,0,0,0,0,0,0,0,0,0,0
8478970,2020,Jalen Chatfield,VAN,D,18,241.87,331,14,26,1,0,1,1,0,10,11,4,3,0,0,6,12,3,6,0,0,0,0,0,0
8477941,2020,Nick Ritchie,BOS,L,56,860.67,1023,121,189,26,15,11,7,4,17,102,16,20,0,4,14,37,6,21,7,4,3,0,0,0
8476443,2020,Xavier Ouellet,MTL,D,6,86.7,115,5,10,0,0,0,0,0,8,17,0,3,0,0,1,2,1,2,0,0,0,0,0,0
8470595,2020,Eric Staal,MTL,C,53,780.1,1022,82,145,13,5,8,4,4,15,23,17,24,268,280,5,10,3,6,3,1,2,0,0,0
8471677,2020,Jack Johnson,NYR,D,13,220.57,279,13,24,1,1,0,0,0,15,30,2,6,0,0,4,8,1,2,0,0,0,0,0,0
8477544,2020,Philippe Maillet,WSH,C,2,18.3,26,1,3,0,0,0,0,0,0,1,0,1,6,6,0,0,0,0,0,0,0,0,0,0
8475343,2020,Nic Dowd,WSH,C,56,806.75,1126,68,110,15,11,4,2,2,40,109,38,15,431,337,14,31,7,17,0,0,0,0,0,0
8473463,2020,Leo Komarov,NYI,R,33,423.47,600,27,41,8,1,7,4,3,11,83,10,8,26,41,6,15,2,4,0,0,0,1,0,1
8476958,2020,Jaccob Slavin,CAR,D,52,1195.08,1309,101,215,15,3,12,5,7,87,35,24,30,0,0,1,2,3,6,0,0,0,1,0,1
8477046,2020,Joakim Ryan,CAR,D,4,43.4,59,2,4,0,0,0,0,0,1,1,0,0,0,0,0,0,1,2,0,0,0,0,0,0
8475968,2020,Alex Belzile,MTL,R,2,21.28,27,3,6,1,0,1,1,0,0,2,1,1,4,1,0,0,0,0,0,0,0,0,0,0
8478413,2020,Jordan Greenway,MIN,L,56,885.25,1074,80,142,32,6,26,15,11,28,87,16,18,16,17,23,49,15,33,1,0,1,0,0,0
8482142,2020,Jamie Drysdale,ANA,D,24,469.73,586,28,69,8,3,5,1,4,23,7,6,19,0,0,4,6,2,4,1,0,1,0,0,0
8481479,2020,Brogan Rafferty,VAN,D,1,13.97,19,1,1,1,0,1,0,1,1,1,1,1,0,0,0,0,0,0,0,0,0,0,0,0
8477499,2020,Rasmus Ristolainen,BUF,D,49,1090.72,1194,73,153,18,4,14,7,7,68,193,12,11,0,0,18,36,6,12,7,1,6,0,0,0
8477839,2020,Conor Sheary,WSH,L,53,726.17,939,88,144,22,14,8,4,4,20,24,25,8,3,7,7,14,11,24,3,1,2,0,0,0
8474013,2020,Ian Cole,MIN,D,54,857.83,1066,30,57,8,1,7,3,4,94,38,10,24,0,0,16,32,2,4,0,0,0,0,0,0
8479333,2020,Libor Hajek,NYR,D,44,671.93,904,33,56,4,2,2,1,1,48,26,5,17,0,0,6,10,5,10,0,0,0,0,0,0
8479525,2020,Ross Colton,T.B,C,30,316.93,441,46,74,12,9,3,2,1,6,36,5,4,101,107,3,6,8,16,0,0,0,0,0,0
8478038,2020,Devon Toews,COL,D,53,1312.32,1504,121,221,31,9,22,9,13,87,44,32,19,0,0,8,16,12,24,6,2,4,0,0,0
8477936,2020,Michael Dal Colle,NYI,L,26,309.53,424,19,41,4,1,3,1,2,9,32,4,5,1,3,2,4,2,4,0,0,0,0,0,0
8479458,2020,Nikita Zaitsev,OTT,D,55,1250.7,1506,70,175,17,4,13,9,4,110,114,7,60,0,0,13,26,6,12,0,0,0,1,0,1
8478057,2020,Dakota Joshua,STL,C,12,107.62,149,9,11,1,1,0,0,0,2,23,3,1,37,27,2,7,4,11,0,0,0,0,0,0
8475764,2020,Cam Fowler,ANA,D,56,1218.73,1527,75,181,23,5,18,5,13,36,27,21,28,0,0,9,18,4,8,3,0,3,0,0,0
8477953,2020,Kasperi Kapanen,PIT,R,40,621.27,843,68,112,30,11,19,8,11,8,41,16,21,0,1,2,7,5,13,4,1,3,0,0,0
8475246,2020,Kevin Connauton,FLA,D,7,99.5,135,5,12,1,0,1,0,1,3,12,0,5,0,0,2,7,1,5,0,0,0,0,0,0
8478500,2020,Ivan Provorov,PHI,D,56,1400.27,1708,126,252,26,7,19,8,11,106,56,5,56,0,0,15,28,7,14,10,0,10,0,0,0
8470655,2020,David Backes,ANA,R,15,191.02,289,30,49,4,3,1,0,1,16,31,5,5,81,79,2,4,0,0,0,0,0,0,0,0
8480185,2020,Eetu Luostarinen,FLA,C,44,577.43,821,35,64,8,3,5,1,4,26,55,23,10,190,206,6,12,13,26,0,0,0,0,0,0
8476889,2020,Radek Faksa,DAL,C,55,958.6,1375,94,144,14,6,8,4,4,45,100,18,21,423,337,14,30,5,10,2,1,1,1,1,0
8474009,2020,Nick Bonino,MIN,C,55,818.23,1030,66,103,27,10,17,8,9,50,11,22,8,365,326,8,16,4,8,4,2,2,0,0,0
8471218,2020,Blake Wheeler,WPG,R,50,917.02,1107,113,169,46,15,31,20,11,30,63,25,16,3,5,19,40,10,20,12,4,8,0,0,0
8482072,2020,Jack Ahcan,BOS,D,3,61.92,73,5,7,0,0,0,0,0,5,2,0,0,0,0,0,0,0,0,0,0,0,0,0,0
8479351,2020,Sam Steel,ANA,C,42,609.77,813,42,70,12,6,6,3,3,19,41,10,13,237,212,4,8,5,10,0,0,0,0,0,0
8480036,2020,Miro Heiskanen,DAL,D,55,1373.27,1565,121,262,27,8,19,8,11,52,47,16,48,0,0,6,12,16,32,9,3,6,0,0,0
8473415,2020,Alex Biega,DET,D,13,138.6,186,4,18,3,0,3,2,1,11,22,0,4,0,0,2,4,2,4,0,0,0,0,0,0
8471276,2020,David Krejci,BOS,C,51,873.92,1011,83,141,44,8,36,24,12,26,25,21,28,321,271,8,16,5,10,13,3,10,0,0,0
8474578,2020,Erik Karlsson,S.J,D,52,1227.3,1420,110,239,22,8,14,7,7,69,20,39,47,0,0,9,18,9,18,7,3,4,1,0,1
8477455,2020,Jacob de la Rose,STL,L,13,132.58,188,13,18,1,0,1,1,0,8,22,6,1,34,39,2,7,2,7,0,0,0,0,0,0
8476826,2020,Yanni Gourde,T.B,C,56,954.87,1194,117,179,36,17,19,17,2,21,51,18,13,314,334,14,34,15,36,6,2,4,0,0,0
8478975,2020,Mason Marchment,FLA,L,33,466.48,611,50,90,10,2,8,5,3,8,73,13,11,13,21,9,18,12,24,0,0,0,0,0,0
8476329,2020,Travis Boyd,VAN,C,39,418.38,614,23,49,10,5,5,2,3,15,18,8,6,75,85,1,2,8,16,1,1,0,0,0,0
8481524,2020,Bowen Byram,COL,D,19,332.65,422,21,43,2,0,2,1,1,13,33,1,5,0,0,10,23,3,9,0,0,0,0,0,0
8480748,2020,Kiefer Sherwood,COL,L,16,140.75,209,18,40,3,0,3,1,2,6,40,3,2,1,1,0,0,1,2,0,0,0,0,0,0
8477996,2020,Juho Lammikko,FLA,C,44,476.5,712,43,70,5,4,1,0,1,16,50,7,12,124,152,5,10,4,8,0,0,0,1,1,0
8477402,2020,Pavel Buchnevich,NYR,R,54,1011.57,1279,120,201,48,20,28,17,11,29,49,30,39,4,14,13,32,15,31,8,1,7,1,1,0
8479705,2020,Jeffrey Viel,S.J,L,11,79.95,120,10,15,0,0,0,0,0,0,22,0,1,0,0,7,23,5,19,0,0,0,0,0,0
8480839,2020,Rasmus Dahlin,BUF,D,56,1211.13,1244,115,210,23,5,18,9,9,45,80,13,36,0,0,13,26,13,28,11,1,10,0,0,0
8479933,2020,Gerald Mayhew,MIN,C,4,46.97,58,5,9,1,0,1,0,1,4,7,1,0,0,1,0,0,2,4,1,0,1,0,0,0
8479385,2020,Jordan Kyrou,STL,C,55,793.32,982,98,171,35,14,21,16,5,13,7,32,22,6,6,5,12,12,24,3,0,3,0,0,0
8481580,2020,Connor McMichael,WSH,C,1,9.9,13,1,2,0,0,0,0,0,0,0,0,0,1,0,1,2,0,0,0,0,0,0,0,0
8481599,2020,Victor Soderstrom,ARI,D,4,65.23,83,6,14,2,1,1,0,1,0,4,1,1,0,0,0,0,0,0,0,0,0,0,0,0
8475692,2020,Mats Zuccarello,MIN,R,42,700.65,765,74,143,35,11,24,15,9,19,12,18,18,11,21,4,8,7,14,6,3,3,0,0,0
8479983,2020,Mario Ferraro,S.J,D,56,1254.18,1527,58,106,17,1,16,7,9,96,155,30,20,1,0,11,22,5,10,4,0,4,0,0,0
8479580,2020,Dylan Gambrell,S.J,C,49,785.3,1041,48,97,12,5,7,2,5,54,77,9,13,279,358,5,13,8,19,0,0,0,1,1,0
8479466,2020,Patrick Russell,EDM,R,8,85.12,106,12,16,2,0,2,2,0,0,13,2,3,1,3,0,0,3,6,0,0,0,0,0,0
8481708,2020,Zac Jones,NYR,D,10,149.83,202,12,23,4,0,4,1,3,8,8,1,10,0,0,1,2,0,0,1,0,1,0,0,0
8475098,2020,Tyler Bozak,STL,C,31,462.3,633,35,56,17,5,12,8,4,20,17,12,10,217,165,5,10,3,6,4,1,3,3,2,1
8474091,2020,Brandon Sutter,VAN,C,43,649.2,989,65,94,12,9,3,2,1,28,18,23,14,276,221,1,2,9,18,0,0,0,1,1,0
8475913,2020,Mark Stone,VGK,R,55,1048.35,1222,98,173,61,21,40,26,14,33,31,58,24,12,18,10,28,10,26,16,6,10,1,1,0
8477974,2020,Ryan MacInnis,CBJ,C,16,159.58,212,14,23,0,0,0,0,0,3,19,3,5,28,31,0,0,1,2,0,0,0,0,0,0
8479968,2020,Vinni Lettieri,ANA,C,5,63.6,76,7,12,0,0,0,0,0,1,9,2,1,2,3,0,0,0,0,0,0,0,0,0,0
8482245,2020,Artem Zub,OTT,D,47,863.97,1112,39,85,14,3,11,6,5,70,89,8,36,0,0,13,26,5,10,0,0,0,0,0,0
8473986,2020,Alex Killorn,T.B,L,56,1002.82,1223,122,204,33,15,18,11,7,12,59,14,10,1,2,17,37,13,29,9,5,4,1,0,1
8474134,2020,Yannick Weber,PIT,D,2,22.63,31,1,3,0,0,0,0,0,0,4,0,1,0,0,0,0,0,0,0,0,0,0,0,0
8476539,2020,Jonathan Marchessault,VGK,C,55,958.3,1116,176,331,44,18,26,17,9,14,44,29,22,41,47,14,39,12,27,4,2,2,0,0,0
8470601,2020,Braydon Coburn,NYI,D,19,304.85,425,18,38,2,0,2,1,1,20,27,4,14,0,0,7,14,1,2,0,0,0,1,0,1
8479353,2020,Brett Howden,NYR,C,42,527.4,766,33,54,7,1,6,3,3,35,57,6,6,119,135,4,11,9,21,0,0,0,0,0,0
8480883,2020,Ty Smith,N.J,D,48,965.07,1094,69,177,23,2,21,14,7,35,32,8,30,0,0,11,22,7,14,7,1,6,0,0,0
8480037,2020,Aleksi Heponiemi,FLA,C,9,110.13,150,15,21,2,1,1,0,1,1,0,6,3,0,0,1,2,2,4,0,0,0,0,0,0
8474574,2020,Tyler Myers,VAN,D,55,1214.78,1346,109,188,20,6,14,10,4,74,61,22,46,0,0,22,51,8,19,3,0,3,1,1,0
8479348,2020,Kale Clague,L.A,D,18,309.67,381,24,46,6,0,6,2,4,13,9,1,7,0,0,2,4,2,4,0,0,0,0,0,0
8475855,2020,Jesper Fast,CAR,R,46,703.65,937,38,69,18,6,12,5,7,23,78,5,11,12,25,7,14,7,14,4,1,3,0,0,0
8479381,2020,Nick Caamano,DAL,R,24,224.2,336,33,49,1,0,1,1,0,8,41,5,7,1,0,7,19,4,11,0,0,0,0,0,0
8479415,2020,Michael McLeod,N.J,C,48,669,990,56,95,15,9,6,3,3,20,77,25,21,308,290,13,40,8,28,0,0,0,0,0,0
8476468,2020,J.T. Miller,VAN,C,53,1111.15,1386,106,198,46,15,31,19,12,24,90,29,47,279,247,20,43,6,15,15,2,13,1,1,0
8476994,2020,Vinnie Hinostroza,CHI,L,26,318.62,407,33,54,12,4,8,7,1,3,37,10,13,3,17,4,8,6,12,0,0,0,0,0,0
8475729,2020,Mark Alt,L.A,D,2,27.17,36,3,4,0,0,0,0,0,1,2,0,0,0,0,1,2,0,0,0,0,0,0,0,0
8475169,2020,Evander Kane,S.J,L,56,1130.37,1360,194,322,49,22,27,19,8,22,97,30,33,23,34,21,42,18,36,7,3,4,4,2,2
8475752,2020,Tyler Pitlick,ARI,C,38,620.62,875,56,126,11,6,5,4,1,42,81,15,5,6,9,8,16,6,12,1,0,1,1,1,0
8476374,2020,Sean Kuraly,BOS,C,47,662.12,876,88,133,9,4,5,3,2,21,99,24,13,230,170,10,20,9,18,0,0,0,0,0,0
8475747,2020,Patrik Nemeth,COL,D,52,936.75,1165,54,103,10,3,7,3,4,67,87,2,18,0,0,10,20,2,4,0,0,0,0,0,0
8470775,2020,Nate Thompson,WPG,C,44,426.3,632,20,38,5,2,3,2,1,20,60,8,10,142,142,2,4,1,2,0,0,0,1,0,1
8479367,2020,William Lockwood,VAN,R,2,28.38,40,3,4,0,0,0,0,0,1,6,0,1,0,0,1,2,1,2,0,0,0,0,0,0
8474000,2020,Steven Kampfer,BOS,D,20,334.3,446,28,49,5,2,3,2,1,24,20,6,5,0,0,2,4,3,6,1,1,0,0,0,0
8479718,2020,Alex Barre-Boulet,T.B,C,15,228.78,285,26,47,3,3,0,0,0,5,8,4,4,1,3,0,0,0,0,2,2,0,0,0,0
8471228,2020,Alexander Radulov,DAL,R,11,195.7,245,25,45,12,4,8,6,2,5,4,3,6,0,2,3,6,3,6,5,1,4,0,0,0
8479419,2020,Brett Murray,BUF,L,2,21.25,27,1,1,0,0,0,0,0,1,3,0,0,0,0,0,0,0,0,0,0,0,0,0,0
8477401,2020,John Hayden,ARI,C,29,284.65,411,21,38,5,2,3,2,1,16,84,4,4,4,9,11,37,9,33,0,0,0,0,0,0
8477963,2020,Jayce Hawryluk,VAN,C,30,289.22,448,18,33,5,2,3,3,0,11,43,5,12,1,1,3,9,3,9,0,0,0,0,0,0
8478891,2020,Mason Appleton,WPG,C,56,808.13,1062,88,140,25,12,13,7,6,22,61,13,21,7,6,7,14,11,22,0,0,0,1,0,1
8470626,2020,Loui Eriksson,VAN,L,7,67.05,105,5,7,1,0,1,1,0,1,1,6,0,1,0,1,2,1,2,0,0,0,0,0,0
8477462,2020,Robert Hagg,PHI,D,34,532.23,756,29,77,5,2,3,2,1,31,100,5,20,0,0,9,18,3,6,0,0,0,0,0,0
8479336,2020,Carl Grundstrom,L.A,R,47,584.82,785,66,101,11,6,5,2,3,23,104,6,9,3,4,8,16,6,12,2,0,2,0,0,0
8477447,2020,Shea Theodore,VGK,D,53,1194.95,1344,161,348,42,8,34,15,19,43,22,25,35,0,0,7,14,6,12,14,0,14,0,0,0
8482109,2020,Alexis Lafreniere,NYR,L,56,779.4,1020,67,115,21,12,9,6,3,11,43,15,18,13,18,4,8,6,12,0,0,0,0,0,0
8475177,2020,Calvin de Haan,CHI,D,44,816.02,1006,58,132,10,1,9,4,5,82,96,15,33,0,0,7,14,6,12,1,0,1,0,0,0
8476191,2020,Kevan Miller,BOS,D,28,533.83,728,27,66,4,1,3,0,3,37,64,6,12,0,0,7,20,6,18,0,0,0,0,0,0
8478042,2020,Viktor Arvidsson,NSH,R,50,830.52,993,151,264,25,10,15,13,2,33,15,18,23,9,18,8,21,14,29,3,2,1,0,0,0
8478436,2020,David Kase,PHI,R,1,10.97,15,0,3,0,0,0,0,0,1,0,0,1,0,0,0,0,0,0,0,0,0,0,0,0
8481559,2020,Jack Hughes,N.J,C,56,1067.4,1264,142,257,31,11,20,14,6,15,15,56,74,216,395,3,6,19,38,7,1,6,0,0,0
8482635,2020,Mike Hardman,CHI,L,8,87.9,127,5,10,3,1,2,1,1,6,38,2,1,1,1,0,0,1,2,0,0,0,0,0,0
8477947,2020,Sonny Milano,ANA,L,6,88.4,117,8,16,0,0,0,0,0,0,4,0,3,0,0,0,0,1,2,0,0,0,0,0,0
8477473,2020,Justin Bailey,VAN,R,3,20.4,36,6,7,0,0,0,0,0,0,2,0,0,0,0,1,2,0,0,0,0,0,0,0,0
8480789,2020,Oliver Wahlstrom,NYI,R,44,545.42,731,94,179,21,12,9,6,3,14,57,12,9,5,7,9,21,10,23,9,3,6,0,0,0
8480144,2020,David Kampf,CHI,C,56,822.95,1113,63,100,12,1,11,6,5,14,45,31,8,411,367,9,18,12,24,0,0,0,0,0,0
8478021,2020,William Lagesson,EDM,D,19,268.85,329,11,29,2,0,2,2,0,14,15,3,7,0,0,3,9,3,9,0,0,0,0,0,0
8478452,2020,Caleb Jones,EDM,D,33,449.03,561,23,55,4,0,4,3,1,35,27,9,35,0,0,3,6,5,10,0,0,0,0,0,0
8480890,2020,Jan Jenik,ARI,R,2,24.17,32,3,4,2,2,0,0,0,0,2,1,0,12,11,0,0,0,0,0,0,0,0,0,0
8474207,2020,Nick Holden,VGK,D,17,269.33,351,23,46,2,0,2,2,0,20,28,3,0,0,0,1,2,1,2,0,0,0,0,0,0
8477502,2020,Samuel Morin,PHI,L,20,203.83,310,14,27,1,1,0,0,0,13,38,1,3,0,0,9,27,3,12,0,0,0,0,0,0
8475798,2020,Mikael Granlund,NSH,C,51,992.1,1214,75,132,27,13,14,9,5,42,46,23,27,244,226,7,14,13,26,6,5,1,0,0,0
8479368,2020,Max Jones,ANA,L,46,651.57,930,77,133,11,7,4,1,3,11,100,20,10,5,5,15,36,18,44,1,1,0,0,0,0
8474098,2020,Colton Sceviour,PIT,R,46,440.65,654,53,76,10,5,5,3,2,28,64,9,5,5,13,1,2,3,6,0,0,0,0,0,0
8480063,2020,David Farrance,NSH,D,2,36.25,45,3,4,0,0,0,0,0,1,1,0,0,0,0,0,0,1,2,0,0,0,0,0,0
8479315,2020,Joey Anderson,TOR,R,1,9.6,13,0,0,0,0,0,0,0,3,0,0,1,0,1,1,2,0,0,0,0,0,0,0,0
8477488,2020,Brett Pesce,CAR,D,55,1253.57,1409,89,231,25,4,21,13,8,82,17,21,26,0,0,10,20,17,34,5,1,4,0,0,0
8480072,2020,Lias Andersson,L.A,C,23,277.58,398,23,37,6,3,3,3,0,9,8,3,5,20,32,6,12,8,18,0,0,0,0,0,0
8480083,2020,C.J. Smith,BUF,L,1,7.95,12,0,0,0,0,0,0,0,0,3,0,0,0,0,0,0,0,0,0,0,0,0,0,0
8479639,2020,Dylan Coghlan,VGK,D,29,391.15,501,31,75,6,3,3,2,1,16,29,5,4,0,1,1,2,1,2,0,0,0,0,0,0
8474610,2020,Zac Dalpe,CBJ,C,12,127.48,198,22,31,3,2,1,0,1,8,11,5,2,18,22,0,0,1,2,0,0,0,0,0,0
8476437,2020,Victor Rask,MIN,C,54,780.25,912,53,103,23,10,13,7,6,10,21,20,24,218,262,1,2,6,12,6,1,5,0,0,0
8480946,2020,Dominik Kahun,EDM,C,48,615.37,758,69,112,15,9,6,4,2,12,13,11,16,16,14,1,2,4,8,1,0,1,0,0,0
8480833,2020,Vitali Kravtsov,NYR,R,20,247.63,334,23,42,4,2,2,0,2,6,7,7,13,0,2,2,4,0,0,0,0,0,0,0,0
8470638,2020,Patrice Bergeron,BOS,C,54,983.98,1265,182,298,48,23,25,11,14,36,49,35,14,714,433,7,16,3,8,11,6,5,4,3,1
8481618,2020,Alex Newhook,COL,C,6,82.07,109,8,21,3,0,3,1,2,1,3,2,0,16,21,1,2,1,2,0,0,0,0,0,0
8480813,2020,Joe Veleno,DET,C,5,75.52,93,8,16,1,1,0,0,0,4,7,1,0,17,17,2,4,1,2,1,1,0,0,0,0
8476300,2020,Nikita Nesterov,CGY,D,38,603.52,832,33,91,4,0,4,2,2,29,41,7,25,0,0,10,20,2,4,0,0,0,0,0,0
8478493,2020,Joel Eriksson Ek,MIN,C,56,956.18,1163,120,170,30,19,11,9,2,37,105,21,10,394,444,10,20,16,34,2,0,2,0,0,0
8476396,2020,Steven Fogarty,BUF,C,9,105.57,147,5,8,3,1,2,2,0,10,4,5,0,7,5,4,8,3,6,0,0,0,0,0,0
8471669,2020,Paul Stastny,WPG,C,56,974.93,1155,101,157,29,13,16,10,6,19,38,20,19,323,268,16,32,8,16,6,1,5,0,0,0
8480158,2020,Andreas Borgman,T.B,D,7,83.72,111,7,23,2,0,2,0,2,3,10,2,3,0,0,2,4,2,4,0,0,0,0,0,0
8478851,2020,Alexandre Carrier,NSH,D,19,380.9,490,31,68,3,1,2,1,1,31,22,10,9,0,0,4,8,5,10,0,0,0,0,0,0
8478856,2020,Conor Garland,ARI,R,49,878.2,1120,135,242,39,12,27,22,5,19,26,34,19,7,14,13,26,25,53,8,2,6,0,0,0
8474584,2020,Michael Del Zotto,CBJ,D,53,947.98,1184,77,126,13,4,9,3,6,54,125,9,28,0,0,4,8,1,2,0,0,0,0,0,0
8478444,2020,Brock Boeser,VAN,R,56,1081.9,1308,141,247,49,23,26,16,10,20,32,16,31,8,14,7,16,6,12,13,8,5,0,0,0
8480205,2020,Emil Bemstrom,CBJ,C,20,257.12,323,28,54,5,3,2,1,1,8,15,2,5,0,0,0,0,1,0,1,1,0,0,0,0
8475176,2020,Ryan Ellis,NSH,D,35,830.1,973,73,143,18,5,13,10,3,63,21,7,22,0,0,4,10,7,14,4,2,2,0,0,0
8479644,2020,Matt Luff,L.A,R,13,136.28,186,18,33,1,1,0,0,0,6,8,2,4,2,3,1,5,3,9,0,0,0,0,0,0
8477429,2020,Andrew Copp,WPG,C,55,1003.33,1269,114,176,39,15,24,13,11,41,67,22,25,123,109,10,20,13,24,12,6,6,1,0,1
8477942,2020,Kevin Fiala,MIN,L,50,845.62,932,162,290,40,20,20,12,8,13,27,41,45,5,10,15,33,16,32,12,5,7,0,0,0
8474157,2020,Max Pacioretty,VGK,L,48,861.08,1011,174,285,51,24,27,15,12,29,33,15,17,20,23,7,14,8,16,11,5,6,0,0,0
8473512,2020,Claude Giroux,PHI,C,54,977.28,1379,121,212,42,17,25,13,12,6,32,19,16,484,327,6,12,15,32,10,2,8,0,0,0
8476981,2020,Josh Anderson,MTL,R,52,853.93,1084,125,218,24,17,7,4,3,25,139,17,12,7,5,16,38,13,32,2,1,1,1,1,0
8476393,2020,Nick Cousins,NSH,C,52,695.78,877,61,97,18,5,13,6,7,15,48,8,15,19,17,14,31,18,39,3,0,3,0,0,0
8474190,2020,Wayne Simmonds,TOR,R,38,455.45,620,62,105,9,7,2,0,2,15,64,13,19,6,6,8,25,6,21,2,2,0,0,0,0
8477933,2020,Sam Reinhart,BUF,R,54,1055.18,1195,130,215,40,25,15,8,7,27,15,17,22,126,150,5,10,7,14,16,10,6,0,0,0
8480727,2020,Zach Whitecloud,VGK,D,51,908.68,1115,54,127,12,2,10,4,6,75,85,9,14,0,0,12,24,7,14,0,0,0,0,0,0
8475179,2020,Dmitry Kulikov,EDM,D,48,920.72,1132,51,110,4,0,4,1,3,49,93,8,31,0,0,14,28,2,4,0,0,0,0,0,0
8475765,2020,Vladimir Tarasenko,STL,R,24,418.08,500,65,111,14,4,10,7,3,15,30,10,9,0,0,0,0,3,6,4,2,2,0,0,0
8476459,2020,Mika Zibanejad,NYR,C,56,1125.62,1381,171,316,50,24,26,17,9,44,75,39,45,479,555,9,18,11,22,13,10,3,3,1,2
8476455,2020,Gabriel Landeskog,COL,L,54,1077.62,1203,155,271,52,20,32,12,20,28,81,16,35,287,221,18,34,15,32,14,8,6,0,0,0
8474641,2020,Adam Henrique,ANA,C,45,721.7,980,77,129,21,12,9,6,3,32,40,11,20,303,244,4,11,6,15,1,0,1,1,0,1
8474612,2020,Travis Hamonic,VAN,D,38,735.93,868,79,151,10,3,7,3,4,81,48,10,19,0,1,10,29,4,17,0,0,0,0,0,0
8470281,2020,Duncan Keith,CHI,D,54,1266.33,1406,110,198,15,4,11,7,4,91,32,27,63,0,0,14,30,0,0,6,1,5,0,0,0
8478133,2020,Jake Evans,MTL,C,47,556.48,833,55,91,13,3,10,6,4,26,79,12,16,204,202,8,19,13,29,0,0,0,2,1,1
8480865,2020,Noah Dobson,NYI,D,46,754.05,954,70,143,14,3,11,6,5,59,40,13,23,0,0,4,8,6,12,5,0,5,0,0,0
8478454,2020,Noah Juulsen,FLA,D,4,47.87,71,5,7,0,0,0,0,0,4,9,0,2,0,0,0,0,0,0,0,0,0,0,0,0
8480873,2020,Rasmus Sandin,TOR,D,9,131.95,173,9,14,4,0,4,1,3,7,11,2,2,0,0,0,0,1,2,0,0,0,0,0,0
8480803,2020,Evan Bouchard,EDM,D,14,207.68,254,38,69,5,2,3,1,2,11,11,4,10,0,0,1,2,1,2,1,1,0,0,0,0
8480806,2020,Isac Lundestrom,ANA,C,41,624.82,869,52,88,9,6,3,2,1,19,16,18,13,189,209,7,14,1,2,0,0,0,0,0,0
8475170,2020,Brayden Schenn,STL,C,56,1072.03,1256,113,179,36,16,20,15,5,35,119,24,19,318,290,13,35,9,27,9,6,3,0,0,0
8471709,2020,Marc-Edouard Vlasic,S.J,D,51,893.2,1167,37,87,6,1,5,2,3,64,40,10,15,0,0,4,8,2,4,0,0,0,0,0,0
8481641,2020,Joel Kiviranta,DAL,L,26,316.43,481,31,54,11,6,5,4,1,11,40,7,3,1,6,3,6,2,4,1,1,0,0,0,0
8475220,2020,Marcus Foligno,MIN,L,39,581.28,727,40,62,26,11,15,7,8,17,109,15,14,2,9,17,49,11,37,0,0,0,1,1,0
8480821,2020,Filip Zadina,DET,R,49,823.48,960,97,169,19,6,13,8,5,22,22,17,17,5,10,0,0,11,22,6,3,3,0,0,0
8482240,2020,Mathias Brome,DET,L,26,354.85,478,22,38,2,1,1,1,0,7,19,12,10,1,2,4,8,4,8,0,0,0,0,0,0
8473446,2020,Erik Johnson,COL,D,4,53.7,71,5,8,1,0,1,1,0,5,7,1,3,0,0,1,2,0,0,0,0,0,0,0,0
8481533,2020,Trevor Zegras,ANA,C,24,369.45,465,53,101,13,3,10,8,2,4,7,6,12,42,54,6,12,6,12,0,0,0,0,0,0
8477215,2020,Danny DeKeyser,DET,D,47,850.68,1088,43,92,12,4,8,3,5,81,44,1,20,0,0,10,18,2,4,0,0,0,0,0,0
8474125,2020,Carl Gunnarsson,STL,D,12,173.12,256,6,17,2,0,2,0,2,16,9,1,2,0,0,3,6,1,2,0,0,0,0,0,0
8476902,2020,Esa Lindell,DAL,D,56,1298.15,1560,100,184,16,5,11,6,5,105,114,9,42,0,0,8,19,5,13,2,0,2,1,1,0
8480848,2020,Ty Dellandrea,DAL,C,26,324.42,482,31,59,5,3,2,2,0,10,47,4,6,46,55,10,23,6,15,3,2,1,0,0,0
8476525,2020,Colin Miller,BUF,D,48,863.93,1021,64,139,12,4,8,3,5,51,91,14,25,0,0,12,27,11,25,4,1,3,0,0,0
8479291,2020,Kevin Rooney,NYR,C,54,666.62,1027,62,91,14,8,6,3,3,35,110,11,13,196,241,10,29,11,31,0,0,0,1,1,0
8479984,2020,Cal Foote,T.B,D,35,449.92,595,40,79,3,1,2,1,1,30,39,1,5,0,0,8,19,5,13,0,0,0,0,0,0
8477392,2020,Hudson Fasching,ARI,R,5,47.32,68,7,9,0,0,0,0,0,1,6,0,1,0,0,0,0,0,0,0,0,0,0,0,0
8471887,2020,Patric Hornqvist,FLA,R,44,739.37,871,145,199,32,14,18,8,10,23,77,17,9,2,12,13,29,9,21,12,8,4,0,0,0
8478049,2020,Ben Thomas,T.B,D,5,71.18,88,3,7,0,0,0,0,0,4,4,1,1,0,0,0,0,0,0,0,0,0,0,0,0
8479376,2020,Victor Mete,OTT,D,28,442.37,589,20,42,5,1,4,1,3,35,19,7,10,0,0,4,8,0,0,0,0,0,0,0,0
8479407,2020,Jesper Bratt,N.J,L,46,739.5,1019,101,181,30,7,23,11,12,18,31,17,22,3,6,4,8,8,16,7,2,5,1,0,1
8476323,2020,Max McCormick,CAR,L,12,93.83,130,5,7,3,2,1,0,1,2,16,1,0,1,1,3,9,1,5,0,0,0,0,0,0
8480069,2020,Cale Makar,COL,D,44,1068.82,1191,104,225,44,8,36,22,14,36,49,32,21,0,0,6,12,13,26,21,3,18,0,0,0
8474736,2020,Zac Rinaldo,CGY,C,4,23.35,38,1,1,0,0,0,0,0,0,13,2,2,0,0,1,5,1,5,0,0,0,0,0,0
8478397,2020,Rasmus Andersson,CGY,D,56,1188.45,1591,96,197,21,5,16,8,8,68,49,16,39,0,0,17,34,15,30,6,1,5,0,0,0
8477494,2020,Jonathan Drouin,MTL,L,44,707.95,940,76,121,23,2,21,11,10,7,42,17,23,21,24,9,20,4,8,5,0,5,0,0,0
8480015,2020,Owen Tippett,FLA,R,45,516.57,683,86,134,18,7,11,8,3,5,58,17,17,2,1,2,6,4,8,3,2,1,0,0,0
8475728,2020,Johan Larsson,ARI,L,52,726.87,1013,58,106,14,8,6,2,4,35,77,22,6,296,313,9,24,15,36,0,0,0,0,0,0
8478841,2020,Colton White,N.J,D,2,28.53,44,3,4,0,0,0,0,0,0,2,0,0,0,0,0,0,0,0,0,0,0,0,0,0
8477474,2020,Madison Bowey,CHI,D,2,22.28,28,0,1,1,0,1,0,1,1,4,1,2,0,0,0,0,1,2,0,0,0,0,0,0
8477680,2020,Josh Currie,PIT,R,1,7.4,12,0,2,0,0,0,0,0,0,0,0,0,2,3,0,0,0,0,0,0,0,0,0,0
8478904,2020,Steven Lorentz,CAR,C,45,469.75,652,40,76,8,2,6,1,5,16,47,11,10,158,151,4,8,3,6,0,0,0,0,0,0
8475178,2020,Zack Kassian,EDM,R,27,320.08,400,18,38,5,2,3,3,0,3,73,3,7,0,2,6,15,1,5,0,0,0,0,0,0
8475768,2020,Jaden Schwartz,STL,L,40,708.13,875,71,124,20,8,12,6,6,26,40,18,15,7,6,10,20,9,18,3,1,2,0,0,0
8477987,2020,Ryan Donato,S.J,C,50,629.65,837,104,171,20,6,14,10,4,21,50,27,11,27,36,5,10,17,34,7,2,5,0,0,0
8475287,2020,Erik Haula,NSH,L,51,815.65,1056,86,144,21,9,12,8,4,23,63,18,17,269,220,7,14,8,16,2,1,1,2,2,0
8481019,2020,David Gustafsson,WPG,C,4,23.27,36,1,2,0,0,0,0,0,0,0,1,0,11,10,0,0,0,0,0,0,0,0,0,0
8477934,2020,Leon Draisaitl,EDM,C,56,1242.72,1196,168,302,84,31,53,30,23,12,37,56,71,574,457,12,24,12,24,28,12,16,1,1,0
8477493,2020,Aleksander Barkov,FLA,C,50,1046.48,1210,175,259,58,26,32,25,7,38,31,38,18,562,465,7,14,17,34,17,5,12,1,1,0
8475820,2020,Joonas Donskoi,COL,R,51,741.78,979,86,149,31,17,14,9,5,25,14,18,10,13,18,5,10,6,12,8,5,3,0,0,0
8480039,2020,Martin Necas,CAR,C,53,916.45,1114,114,188,41,14,27,17,10,32,45,17,49,36,42,5,10,8,16,11,4,7,2,1,1
8478109,2020,Victor Olofsson,BUF,L,56,974.07,1158,129,228,32,13,19,13,6,12,17,23,25,1,1,3,6,4,6,15,7,8,0,0,0
8480043,2020,Timothy Liljegren,TOR,D,2,30.18,44,1,5,0,0,0,0,0,2,3,0,1,0,0,1,2,0,0,0,0,0,0,0,0
8477500,2020,Bo Horvat,VAN,C,56,1113.82,1424,131,226,39,19,20,9,11,38,64,25,22,648,577,10,23,11,25,10,6,4,1,1,0
8475791,2020,Taylor Hall,BOS,L,53,946.57,1122,136,236,33,10,23,12,11,15,34,19,31,7,10,7,16,19,36,7,1,6,0,0,0
8479372,2020,Josh Mahura,ANA,D,14,216.95,298,14,35,4,1,3,2,1,9,10,2,10,0,0,3,6,1,2,0,0,0,0,0,0
8475164,2020,Jakob Silfverberg,ANA,R,47,796.35,1131,91,172,16,8,8,3,5,26,19,25,16,9,13,10,18,4,8,2,2,0,1,1,0
8471729,2020,Kris Russell,EDM,D,35,644.02,822,41,88,9,0,9,4,5,75,41,8,29,0,0,4,8,4,8,0,0,0,0,0,0
8477407,2020,Anthony Duclair,FLA,L,43,674.58,900,101,165,32,10,22,14,8,9,30,8,14,0,2,9,18,13,24,2,1,1,1,0,1
8478431,2020,Evgeny Svechnikov,DET,R,21,248.18,329,21,35,8,3,5,3,2,6,20,2,9,1,2,5,10,0,0,2,1,1,0,0,0
8481147,2020,Reese Johnson,CHI,C,5,39.73,53,4,5,0,0,0,0,0,2,22,0,0,0,1,3,9,2,7,0,0,0,0,0,0
8476941,2020,Connor Carrick,N.J,D,11,205.37,258,8,21,2,1,1,0,1,24,11,1,8,0,0,1,5,2,7,0,0,0,0,0,0
8478477,2020,Mitchell Stephens,T.B,C,7,66.23,99,3,5,1,0,1,1,0,1,8,1,0,30,20,0,0,1,2,0,0,0,0,0,0
8476892,2020,Colton Parayko,STL,D,32,682.6,892,60,117,12,2,10,5,5,64,35,13,23,0,0,7,14,3,6,0,0,0,0,0,0
8480384,2020,Alexander True,S.J,C,7,69.93,101,7,10,1,0,1,1,0,5,4,2,1,17,30,3,6,2,4,0,0,0,0,0,0
8473473,2020,Milan Lucic,CGY,L,56,763.22,1023,74,114,23,10,13,6,7,12,139,19,29,9,24,17,46,9,32,2,2,0,0,0,0
8476288,2020,Ryan Dzingel,OTT,L,40,508.28,692,48,97,13,8,5,3,2,10,44,8,9,3,9,9,21,4,11,3,2,1,0,0,0
8470642,2020,Shea Weber,MTL,D,48,1090.05,1239,104,215,19,6,13,6,7,68,70,11,53,0,0,14,33,4,11,10,3,7,0,0,0
8476461,2020,Sean Couturier,PHI,C,45,869.77,1161,121,207,41,19,22,12,10,22,34,21,14,428,324,4,8,11,28,10,3,7,0,0,0
8476462,2020,Dougie Hamilton,CAR,D,55,1249.72,1429,180,362,41,10,31,16,15,64,52,19,44,0,0,16,35,4,11,17,2,15,1,1,0
8473453,2020,Trevor Lewis,WPG,C,56,552.35,791,68,112,10,5,5,2,3,22,71,8,8,11,8,1,2,5,10,0,0,0,2,2,0
8478146,2020,Matthew Highmore,VAN,C,42,487.2,699,40,72,7,3,4,0,4,21,43,11,11,5,5,4,8,10,20,0,0,0,0,0,0
8479339,2020,Patrik Laine,CBJ,L,46,802.68,945,82,160,24,12,12,7,5,15,36,9,40,6,18,6,15,10,23,6,4,2,0,0,0
8480797,2020,Joel Farabee,PHI,L,55,881.35,1234,122,189,38,20,18,12,6,21,48,27,20,6,9,11,28,11,24,7,3,4,0,0,0
8478424,2020,Jansen Harkins,WPG,C,26,217.83,294,16,29,2,1,1,1,0,3,11,1,2,11,7,2,4,2,4,0,0,0,0,0,0
8480027,2020,Jason Robertson,DAL,L,51,861.17,1073,128,205,45,17,28,21,7,13,28,19,28,5,2,8,16,7,14,6,1,5,0,0,0
8479345,2020,Jakob Chychrun,ARI,D,56,1308,1478,176,356,41,18,23,13,10,89,59,20,36,0,0,21,42,9,20,11,4,7,0,0,0
8478055,2020,Gustav Forsling,FLA,D,43,857.02,1114,94,163,17,5,12,8,4,42,29,19,25,0,0,4,8,5,10,3,1,2,0,0,0
8476410,2020,Josh Leivo,CGY,L,38,408.48,582,50,94,9,6,3,1,2,2,33,16,10,3,9,5,10,5,10,0,0,0,0,0,0
8478468,2020,Jeremy Lauzon,BOS,D,41,767.13,1019,48,98,8,1,7,5,2,53,98,7,20,0,0,12,30,9,24,0,0,0,1,0,1
8478047,2020,Michael Bunting,ARI,L,21,350.48,467,38,62,13,10,3,1,2,1,28,9,5,7,5,6,12,3,6,3,3,0,0,0,0
8478476,2020,Kyle Capobianco,ARI,D,2,28.92,46,3,8,0,0,0,0,0,2,1,2,1,0,0,1,2,0,0,0,0,0,0,0,0
8475160,2020,Kyle Clifford,STL,L,50,496.58,687,65,105,7,4,3,3,0,17,69,8,13,6,6,9,30,10,32,0,0,0,1,0,1
8477416,2020,Oliver Bjorkstrand,CBJ,R,56,986.37,1161,143,237,44,18,26,18,8,30,42,39,26,3,4,4,13,3,7,6,2,4,0,0,0
8474685,2020,Matt Calvert,COL,L,18,248.3,327,26,45,3,0,3,2,1,8,12,6,0,0,1,3,6,5,10,0,0,0,0,0,0
8478506,2020,Gabriel Carlsson,CBJ,D,14,206.92,286,14,28,4,1,3,0,3,12,11,4,2,0,0,2,4,1,2,1,0,1,0,0,0
8478029,2020,Chase De Leo,ANA,C,1,13.43,17,1,3,0,0,0,0,0,0,1,1,0,4,8,0,0,0,0,0,0,0,0,0,0
8478136,2020,Jacob Middleton,S.J,D,1,8.73,16,1,2,0,0,0,0,0,1,2,0,1,0,0,1,2,1,2,0,0,0,0,0,0
8482063,2020,Marc Michaelis,VAN,L,15,136.22,213,3,12,0,0,0,0,0,10,12,3,3,3,2,1,2,0,0,0,0,0,0,0,0
8474697,2020,Mark Borowiecki,NSH,D,22,300.37,443,18,47,0,0,0,0,0,37,54,1,5,0,0,11,28,3,12,0,0,0,0,0,0
8473573,2020,Artem Anisimov,OTT,C,19,228.13,298,30,56,9,2,7,4,3,9,9,4,7,36,53,1,2,0,0,1,1,0,0,0,0
8465009,2020,Zdeno Chara,WSH,D,55,1007.72,1213,67,148,10,2,8,4,4,67,88,14,32,0,0,13,34,6,18,0,0,0,0,0,0
8475796,2020,Mark Pysyk,DAL,D,36,421.47,610,51,81,4,3,1,1,0,16,36,6,14,0,0,10,20,3,6,0,0,0,0,0,0
8480814,2020,Nicolas Beaudin,CHI,D,19,261.8,317,7,22,6,2,4,1,3,21,14,4,19,0,0,1,2,0,0,1,0,1,0,0,0
8482067,2020,Connor Mackey,CGY,D,6,84.97,125,4,11,3,1,2,1,1,0,8,0,4,0,0,7,20,3,12,0,0,0,0,0,0
8481516,2020,Joel Kellman,S.J,C,7,74.73,110,13,19,2,1,1,1,0,2,5,3,0,27,28,3,6,1,2,0,0,0,0,0,0
8476915,2020,Jujhar Khaira,EDM,L,40,481.97,636,41,73,11,3,8,3,5,21,151,7,11,171,207,10,32,7,26,0,0,0,0,0,0
8476858,2020,Phillip Di Giuseppe,NYR,L,31,344.12,482,44,69,8,1,7,6,1,16,78,13,7,3,4,5,13,3,9,0,0,0,0,0,0
8476278,2020,Colin Blackwell,NYR,C,47,658.08,902,64,115,22,12,10,5,5,19,45,15,17,30,32,6,15,9,21,5,3,2,0,0,0
8478455,2020,Austin Wagner,L.A,L,44,460.78,662,67,100,8,4,4,3,1,10,97,5,6,0,2,6,15,11,25,0,0,0,0,0,0
8477887,2020,Patrick Brown,VGK,C,4,36.38,51,5,10,0,0,0,0,0,2,7,1,0,16,7,1,2,0,0,0,0,0,0,0,0
8475188,2020,Brayden McNabb,VGK,D,41,791.03,948,39,108,8,2,6,1,5,76,98,8,13,0,0,8,16,6,12,0,0,0,0,0,0
8480113,2020,Alex Iafallo,L.A,L,55,1093.88,1339,120,192,30,14,16,9,7,39,26,15,9,2,5,2,4,6,12,8,4,4,0,0,0
8476881,2020,Tomas Hertl,S.J,C,50,956.27,1194,112,190,43,19,24,13,11,39,39,35,24,484,394,12,27,12,27,9,3,6,1,1,0
8475714,2020,Calle Jarnkrok,NSH,C,49,824.92,1065,91,133,28,13,15,7,8,15,30,19,11,42,54,2,4,8,16,8,2,6,1,1,0
8479335,2020,Rasmus Asplund,BUF,C,28,359.93,481,34,45,11,7,4,3,1,3,15,14,3,6,11,0,0,2,4,0,0,0,0,0,0
8480003,2020,Jesper Boqvist,N.J,C,24,255.88,378,32,61,7,4,3,2,1,8,13,6,9,25,41,0,0,4,8,0,0,0,0,0,0
8482179,2020,Justin Richards,NYR,C,1,10.18,18,2,2,1,0,1,1,0,1,2,1,0,0,0,0,0,0,0,0,0,0,0,0,0
8480913,2020,Jordan Gross,ARI,D,7,92.32,125,10,22,3,0,3,1,2,8,6,0,4,0,0,1,2,0,0,0,0,0,0,0,0
8475613,2020,Nate Prosser,PHI,D,6,78.32,124,5,9,2,1,1,1,0,10,3,0,4,0,0,0,0,1,4,0,0,0,0,0,0
8477507,2020,Nikita Zadorov,CHI,D,55,1059.58,1255,51,119,8,1,7,2,5,73,185,16,41,0,1,15,36,8,22,0,0,0,0,0,0
8478017,2020,Mark Friedman,PIT,D,9,99,152,9,12,3,2,1,0,1,7,14,0,2,0,1,3,9,6,15,0,0,0,0,0,0
8480276,2020,Ivan Chekhovich,S.J,L,4,41.95,53,5,6,1,0,1,1,0,2,0,1,2,0,0,0,0,0,0,0,0,0,0,0,0
8470966,2020,Mark Giordano,CGY,D,56,1284.85,1666,142,306,26,9,17,6,11,110,51,21,41,0,0,7,14,9,18,8,4,4,0,0,0
8476545,2020,Kurtis Gabriel,S.J,R,11,84.33,128,4,11,0,0,0,0,0,10,46,1,0,0,0,10,35,6,24,0,0,0,0,0,0
8481122,2020,Simon Benoit,ANA,D,6,103.18,138,3,8,0,0,0,0,0,9,20,0,1,0,0,1,2,0,0,0,0,0,0,0,0
8473544,2020,Derick Brassard,ARI,C,53,783.85,1075,67,130,19,8,11,5,6,5,80,17,19,229,206,6,12,8,16,6,4,2,0,0,0
8478567,2020,Dean Kukan,CBJ,D,35,496.62,660,29,50,5,1,4,1,3,38,36,6,17,0,0,5,10,4,8,0,0,0,0,0,0
8478211,2020,Dryden Hunt,ARI,L,26,310.68,443,39,66,8,3,5,3,2,5,94,4,7,4,9,2,4,5,10,0,0,0,0,0,0
8474884,2020,Mike Hoffman,STL,C,52,783.33,917,114,186,36,17,19,9,10,12,29,21,20,6,3,5,10,6,12,15,5,10,0,0,0
8474628,2020,Michael Stone,CGY,D,21,337.67,486,41,78,4,2,2,1,1,27,24,5,14,0,0,3,6,3,6,0,0,0,0,0,0
8480222,2020,Sebastian Aho,NYI,D,3,40.05,59,4,8,2,1,1,1,0,2,1,0,3,0,0,1,2,2,4,0,0,0,0,0,0
8474151,2020,Ryan McDonagh,T.B,D,50,1096.78,1304,86,160,12,4,8,5,3,94,69,10,20,0,0,7,14,3,6,0,0,0,0,0,0
8479318,2020,Auston Matthews,TOR,C,52,1120.8,1217,222,366,66,41,25,15,10,47,57,47,53,453,414,5,10,14,28,11,8,3,0,0,0
8475869,2020,Brandon Davidson,BUF,D,6,92.02,126,7,11,0,0,0,0,0,5,14,4,0,0,0,2,4,1,2,0,0,0,0,0,0
8476979,2020,Erik Gustafsson,MTL,D,29,485.08,626,33,93,12,1,11,6,5,21,21,7,22,0,0,0,0,2,4,5,0,5,0,0,0
8479547,2020,Matthew Phillips,CGY,C,1,14.32,18,2,3,0,0,0,0,0,0,0,0,0,0,0,0,0,0,0,0,0,0,0,0,0
8478401,2020,Pavel Zacha,N.J,C,50,856.82,1166,103,176,35,17,18,10,8,10,42,20,30,311,294,5,10,7,14,10,5,5,0,0,0
8478569,2020,Noel Acciari,FLA,C,41,631.77,846,68,101,11,4,7,7,0,63,90,15,10,272,244,3,9,9,21,2,1,1,1,0,1
8478432,2020,Christian Fischer,ARI,R,52,662.97,962,47,85,11,3,8,4,4,27,148,7,11,12,12,3,6,7,14,1,0,1,0,0,0
8476442,2020,Matt Nieto,S.J,L,28,391.83,547,45,57,7,5,2,2,0,19,25,7,5,4,3,2,4,1,2,0,0,0,0,0,0
8480025,2020,MacKenzie Entwistle,CHI,R,5,49.08,71,6,8,2,1,1,1,0,2,10,1,0,6,21,1,2,0,0,0,0,0,0,0,0
8470600,2020,Ryan Suter,MIN,D,56,1241.58,1352,87,201,19,4,15,9,6,65,38,9,17,0,0,6,12,3,6,6,1,5,0,0,0
8478020,2020,Michael Amadio,OTT,C,25,313.72,418,24,41,3,0,3,2,1,16,8,3,8,94,94,2,4,2,4,1,0,1,0,0,0
8480208,2020,Drake Batherson,OTT,R,56,922.42,1160,111,212,34,17,17,12,5,29,102,15,25,5,8,4,8,10,20,13,5,8,0,0,0
8477951,2020,Nick Schmaltz,ARI,C,52,886.93,1155,105,180,32,10,22,11,11,25,15,26,22,230,307,8,16,19,38,7,3,4,0,0,0
8477846,2020,Ryan Carpenter,CHI,C,40,507.53,688,50,74,5,4,1,0,1,17,77,4,5,61,66,8,19,4,11,1,1,0,1,1,0
8481638,2020,Joakim Nygard,EDM,L,9,82.33,122,6,8,0,0,0,0,0,0,4,3,3,1,0,2,4,4,8,0,0,0,0,0,0
8479425,2020,Filip Hronek,DET,D,56,1308.95,1474,115,223,26,2,24,6,18,46,67,7,31,0,0,8,16,11,22,10,0,10,0,0,0
8476905,2020,Chandler Stephenson,VGK,C,51,922.93,1121,83,124,35,14,21,13,8,35,43,23,10,375,369,8,19,13,26,5,2,3,2,1,1
8477497,2020,Sean Monahan,CGY,C,50,884.43,1114,98,154,29,10,19,12,7,18,49,28,35,340,354,5,10,7,14,8,4,4,0,0,0
8479945,2020,Gavin Bayreuther,CBJ,D,9,138.48,185,16,32,1,1,0,0,0,4,13,5,0,0,0,2,7,2,7,0,0,0,0,0,0
8476439,2020,Brett Ritchie,CGY,R,32,363.93,532,36,77,8,4,4,3,1,6,97,6,9,3,6,9,24,4,14,0,0,0,0,0,0
8470047,2020,Valtteri Filppula,DET,C,38,592.85,726,25,41,15,6,9,4,5,15,9,7,10,109,134,6,12,5,10,0,0,0,0,0,0
8474161,2020,Jakub Voracek,PHI,R,53,896.6,1224,104,195,43,9,34,18,16,20,17,19,27,7,10,9,18,20,40,8,0,8,0,0,0
8478447,2020,Nicholas Merkley,N.J,R,27,310.68,430,38,62,10,2,8,8,0,5,28,7,7,2,6,2,7,7,17,0,0,0,0,0,0
8480201,2020,Maksim Sushko,PHI,R,2,19.47,33,0,1,0,0,0,0,0,0,2,0,1,0,0,0,0,0,0,0,0,0,0,0,0
8480289,2020,Morgan Barron,NYR,C,5,68.45,92,3,7,1,1,0,0,0,2,12,0,2,9,9,1,2,1,2,0,0,0,0,0,0
8477433,2020,Ben Harpur,NSH,D,34,558.35,728,33,57,7,0,7,3,4,29,44,9,28,0,0,7,17,5,13,0,0,0,1,0,1
8479402,2020,Jake Bean,CAR,D,42,610.58,746,55,116,12,1,11,6,5,21,17,11,18,0,0,5,10,4,8,5,1,4,0,0,0
8466139,2020,Patrick Marleau,S.J,C,56,743.95,1004,54,97,9,4,5,2,3,19,40,22,8,141,159,5,10,2,4,3,2,1,0,0,0
8478866,2020,Dominik Simon,CGY,C,11,105.65,143,4,11,0,0,0,0,0,4,12,0,4,3,7,0,0,3,6,0,0,0,0,0,0
8471707,2020,James Neal,EDM,L,29,351.02,449,51,88,10,5,5,3,2,6,26,8,11,2,5,4,11,2,7,3,1,2,0,0,0
8482641,2020,Matt Kiersted,FLA,D,7,106.2,139,6,11,0,0,0,0,0,10,1,1,7,0,0,1,2,1,2,0,0,0,0,0,0
8476879,2020,Cody Ceci,PIT,D,53,981.47,1211,58,110,17,4,13,5,8,70,74,11,15,0,0,6,10,5,10,0,0,0,0,0,0
8478396,2020,Noah Hanifin,CGY,D,47,940.45,1248,89,206,15,4,11,7,4,40,28,19,37,0,0,9,18,6,12,3,0,3,0,0,0
8476449,2020,Scott Harrington,CBJ,D,12,196.12,257,8,16,3,1,2,2,0,20,9,0,1,0,0,3,6,1,2,0,0,0,1,0,1
8479523,2020,Lucas Carlsson,CHI,D,12,156.73,212,10,18,1,0,1,1,0,3,6,2,3,0,0,1,2,0,0,0,0,0,0,0,0
8479981,2020,Jonah Gadjovich,VAN,L,1,4.92,7,0,0,0,0,0,0,0,0,1,0,0,0,0,2,7,1,5,0,0,0,0,0,0
8476886,2020,Slater Koekkoek,EDM,D,18,236.95,307,17,41,1,1,0,0,0,31,10,3,11,0,0,1,2,2,4,0,0,0,0,0,0
8479671,2020,Mathieu Olivier,NSH,R,30,326.4,443,24,37,5,3,2,1,1,19,62,1,3,4,4,18,50,7,26,1,1,0,0,0,0
8476356,2020,Tobias Rieder,BUF,L,44,538.97,748,63,87,7,5,2,1,1,34,21,18,2,1,7,1,2,6,12,0,0,0,0,0,0
8469459,2020,Mikko Koivu,CBJ,C,7,87.23,120,3,7,2,1,1,1,0,1,10,3,2,32,38,1,2,1,2,0,0,0,0,0,0
8473449,2020,Kyle Okposo,BUF,R,35,485.85,651,45,69,13,2,11,6,5,14,29,10,9,26,22,0,0,3,6,0,0,0,2,1,1
8479410,2020,Mikhail Sergachev,T.B,D,56,1228.32,1499,109,218,29,4,25,15,10,71,66,12,34,0,0,15,30,6,12,8,0,8,0,0,0
8473504,2020,Cal Clutterbuck,NYI,R,50,672,973,50,93,11,4,7,6,1,23,191,18,12,0,1,5,10,6,12,0,0,0,1,1,0
8480009,2020,Eeli Tolvanen,NSH,R,40,593.92,731,65,136,22,11,11,3,8,16,78,8,5,1,5,2,4,5,10,12,6,6,0,0,0
8476906,2020,Shayne Gostisbehere,PHI,D,41,817.2,1024,85,189,20,9,11,5,6,47,18,10,24,0,0,3,6,8,16,9,5,4,0,0,0
8474749,2020,Matt Bartkowski,MIN,D,1,13.03,17,2,2,0,0,0,0,0,1,1,0,0,0,0,0,0,0,0,0,0,0,0,0,0
8476913,2020,Devin Shore,EDM,C,38,415.03,569,27,40,9,5,4,3,1,26,73,15,8,57,51,3,6,1,2,0,0,0,1,1,0
8470610,2020,Zach Parise,MIN,L,45,628.37,754,90,121,19,7,12,7,5,20,18,12,13,34,48,3,6,11,22,2,0,2,0,0,0
8480021,2020,Jack Studnicka,BOS,C,20,254.32,352,28,51,3,1,2,1,1,10,7,7,3,47,54,0,0,3,6,0,0,0,0,0,0
8475193,2020,Tomas Tatar,MTL,L,50,749.97,1015,82,141,30,10,20,12,8,20,63,16,14,12,15,4,8,6,12,7,2,5,0,0,0
8480860,2020,Kevin Bahl,N.J,D,7,118.42,154,5,10,2,0,2,0,2,6,18,2,4,0,0,0,0,0,0,0,0,0,0,0,0
8480884,2020,Calen Addison,MIN,D,3,55.55,62,4,6,0,0,0,0,0,1,2,0,0,0,0,0,0,0,0,0,0,0,0,0,0
8478458,2020,Jack Roslovic,CBJ,C,48,811.32,991,85,130,34,12,22,7,15,22,34,19,37,232,361,7,14,9,18,10,4,6,0,0,0
8474218,2020,Jason Demers,ARI,D,41,706.82,975,44,94,4,0,4,2,2,30,69,10,14,0,0,12,26,2,4,0,0,0,0,0,0
8480879,2020,Jacob Bernard-Docker,OTT,D,5,68.3,90,6,16,0,0,0,0,0,5,3,0,2,0,0,0,0,0,0,0,0,0,0,0,0
8479343,2020,Clayton Keller,ARI,R,56,930.78,1201,124,212,35,14,21,11,10,14,20,23,17,19,22,9,18,19,36,9,3,6,0,0,0
8480184,2020,Gustav Lindstrom,DET,D,13,209.53,266,8,20,3,0,3,2,1,17,14,0,8,0,0,0,0,1,2,0,0,0,0,0,0
8476415,2020,Kyle Rau,MIN,C,14,133.82,192,15,25,2,0,2,1,1,15,23,4,1,0,0,3,9,2,7,0,0,0,0,0,0
8479379,2020,Givani Smith,DET,R,16,170.03,232,20,27,4,1,3,2,1,4,28,1,5,0,0,6,21,5,19,0,0,0,0,0,0
8477946,2020,Dylan Larkin,DET,C,44,898.2,978,134,223,23,9,14,11,3,17,38,21,38,362,368,14,34,16,38,5,1,4,0,0,0
8475762,2020,Derek Forbort,WPG,D,56,1161.15,1467,67,174,12,2,10,4,6,115,80,19,54,0,0,11,25,2,7,0,0,0,0,0,0
8479976,2020,Juuso Valimaki,CGY,D,49,756.27,1057,72,146,11,2,9,5,4,60,28,9,28,0,0,13,26,5,10,0,0,0,0,0,0
8474062,2020,Riley Nash,CBJ,C,37,466.07,661,40,58,7,2,5,4,1,21,33,9,4,162,164,2,4,3,6,0,0,0,0,0,0
8479370,2020,Tyson Jost,COL,C,54,762.05,1018,92,154,17,7,10,8,2,19,45,24,11,162,183,12,24,13,28,0,0,0,0,0,0
8478056,2020,Clark Bishop,OTT,C,13,123.13,193,16,25,3,0,3,3,0,8,23,3,6,36,35,2,4,3,6,0,0,0,0,0,0
8476907,2020,Mackenzie MacEachern,STL,L,21,203.73,295,25,28,2,1,1,1,0,2,35,1,1,1,1,4,8,0,0,0,0,0,1,1,0
8478439,2020,Travis Konecny,PHI,R,50,794.8,1096,99,190,33,10,23,12,11,16,55,16,15,6,12,13,26,13,26,10,3,7,0,0,0
8479328,2020,Julien Gauthier,NYR,R,30,289.28,440,38,56,8,2,6,5,1,9,56,5,9,4,4,6,14,9,18,0,0,0,0,0,0
8480029,2020,Alex Formenton,OTT,L,20,239.88,359,27,39,6,4,2,1,1,8,23,11,6,1,4,3,6,5,8,0,0,0,1,1,0
8476921,2020,Jordan Martinook,CAR,L,44,561.3,793,62,97,13,4,9,6,3,20,90,11,10,78,88,11,25,9,21,0,0,0,1,0,1
8478027,2020,Lucas Wallmark,FLA,C,20,228.03,316,12,20,3,0,3,1,2,7,23,5,3,67,96,3,6,2,4,2,0,2,0,0,0
8480801,2020,Brady Tkachuk,OTT,L,56,1019.87,1303,220,319,36,17,19,11,8,23,248,33,37,118,131,24,69,31,87,10,5,5,0,0,0
8478046,2020,Danton Heinen,ANA,L,43,634.87,866,76,139,14,7,7,6,1,30,32,23,10,1,6,0,0,6,12,1,1,0,0,0,0
8477464,2020,Nic Petan,TOR,C,7,71.93,95,8,14,1,0,1,1,0,2,6,0,2,0,0,2,4,1,2,0,0,0,0,0,0
8478542,2020,Evan Rodrigues,PIT,C,35,493.67,692,65,110,14,7,7,5,2,10,21,15,15,54,74,3,6,6,12,2,2,0,0,0,0
8477998,2020,Warren Foegele,CAR,L,53,749.58,1048,91,155,20,10,10,7,3,12,60,16,28,18,17,10,20,14,28,0,0,0,0,0,0
8472382,2020,Andy Greene,NYI,D,55,967.03,1300,50,125,5,1,4,2,2,99,41,6,19,0,0,3,6,1,2,0,0,0,0,0,0
8475753,2020,Justin Faulk,STL,D,56,1358.53,1700,117,223,25,7,18,6,12,87,127,24,35,0,0,16,35,6,15,5,1,4,1,0,1
8478519,2020,Anthony Cirelli,T.B,C,50,890.5,1124,74,109,22,9,13,3,10,30,64,21,19,230,235,5,10,13,26,4,1,3,2,2,0
8480845,2020,Rasmus Kupari,L.A,C,7,80.3,109,8,10,1,1,0,0,0,3,7,0,0,35,30,1,2,0,0,0,0,0,0,0,0
8478472,2020,Mathieu Joseph,T.B,R,56,615.05,845,58,91,19,12,7,4,3,15,82,12,12,43,70,4,10,9,20,1,0,1,0,0,0
8475784,2020,Jeff Skinner,BUF,L,53,766.87,990,111,189,14,7,7,4,3,12,20,30,30,28,32,7,14,19,38,1,1,0,0,0,0
8477366,2020,Luke Johnson,MIN,C,14,141.45,185,11,20,1,1,0,0,0,4,29,2,0,44,43,1,5,3,9,0,0,0,0,0,0
8477353,2020,Tyler Motte,VAN,C,24,384.95,578,40,73,9,6,3,3,0,28,100,13,5,12,21,7,14,4,8,0,0,0,0,0,0
8474673,2020,TJ Brodie,TOR,D,56,1207.22,1464,48,110,14,1,13,4,9,84,34,22,51,0,0,5,12,7,14,2,0,2,0,0,0
8476875,2020,Mike Matheson,PIT,D,44,820.1,1008,86,155,16,5,11,6,5,40,41,22,23,0,0,15,28,5,10,1,0,1,0,0,0
8478408,2020,Travis Dermott,TOR,D,51,674.42,943,36,81,6,2,4,1,3,35,44,4,27,0,0,8,19,4,11,0,0,0,0,0,0
8477320,2020,Anton Blidh,BOS,L,10,108.05,157,10,18,1,1,0,0,0,4,25,1,2,0,2,3,6,0,0,0,0,0,0,0,0
8474565,2020,Alex Pietrangelo,VGK,D,41,1001.52,1094,126,278,23,7,16,7,9,80,28,23,22,0,0,8,16,8,16,3,0,3,1,0,1
8474564,2020,Steven Stamkos,T.B,C,38,693.12,827,91,151,34,17,17,8,9,10,38,5,7,236,177,7,16,7,14,14,10,4,1,0,1
8475794,2020,Tyler Seguin,DAL,C,3,51.22,70,8,12,2,2,0,0,0,1,8,1,1,19,16,0,0,0,0,0,0,0,0,0,0
8480023,2020,Robert Thomas,STL,C,33,448.9,561,23,47,12,3,9,6,3,10,5,10,18,112,151,5,10,3,6,0,0,0,0,0,0
8475766,2020,Austin Watson,OTT,L,34,408.08,601,41,79,10,3,7,3,4,49,100,5,11,6,16,11,40,12,42,0,0,0,1,0,1
8476952,2020,Dominic Toninato,WPG,C,2,25.32,30,2,4,1,0,1,1,0,1,4,0,0,0,1,0,0,1,2,0,0,0,0,0,0
8476473,2020,Connor Murphy,CHI,D,50,1106.25,1269,80,162,15,3,12,5,7,122,98,11,35,0,0,7,25,13,31,1,1,0,0,0,0
8475158,2020,Ryan O'Reilly,STL,C,56,1162.73,1391,129,185,54,24,30,14,16,25,24,43,24,703,493,9,18,9,18,11,4,7,2,2,0
8481535,2020,Nils Hoglander,VAN,L,56,864.78,1197,118,196,27,13,14,5,9,19,26,42,20,1,1,8,16,13,26,1,1,0,0,0,0
8477404,2020,Jake Guentzel,PIT,L,56,1134.97,1403,142,239,57,23,34,20,14,32,43,17,23,3,9,14,28,20,40,17,5,12,0,0,0
8479395,2020,Dennis Cholowski,DET,D,16,254.47,294,10,22,3,1,2,2,0,18,5,3,6,0,0,2,4,0,0,0,0,0,0,0,0
8478967,2020,Lane Pederson,ARI,C,15,166.15,230,15,26,3,1,2,1,1,2,39,3,2,39,39,1,2,1,2,1,0,1,0,0,0
8479420,2020,Tage Thompson,BUF,R,38,527.17,699,96,146,14,8,6,4,2,8,25,13,10,2,6,7,17,6,15,3,2,1,0,0,0
8476457,2020,Adam Larsson,EDM,D,56,1101.17,1283,52,130,10,4,6,2,4,128,166,12,42,1,0,12,24,4,8,0,0,0,0,0,0
8478528,2020,Tanner Kero,DAL,C,39,413.55,618,39,63,10,3,7,3,4,14,31,9,10,24,14,3,6,4,8,2,0,2,0,0,0
8471284,2020,Andrej Sekera,DAL,D,46,719.23,964,33,76,5,3,2,1,1,62,47,8,20,0,0,2,4,1,2,0,0,0,0,0,0
8470621,2020,Corey Perry,MTL,R,49,673.18,876,62,109,21,9,12,8,4,15,56,15,16,0,6,10,29,15,39,7,1,6,0,0,0
8478498,2020,Jake DeBrusk,BOS,L,41,610.47,788,92,127,14,5,9,5,4,20,33,24,10,6,9,3,6,8,16,3,2,1,0,0,0
8471215,2020,Evgeni Malkin,PIT,C,33,585.45,742,72,126,28,8,20,8,12,12,18,26,34,152,206,7,14,8,16,9,4,5,0,0,0
8478483,2020,Mitchell Marner,TOR,R,55,1233.48,1377,156,294,67,20,47,35,12,41,23,53,69,4,1,10,20,13,26,11,0,11,2,0,2
8477901,2020,Daniel Carr,WSH,L,6,61.37,83,5,8,1,0,1,1,0,4,10,1,2,0,0,1,2,2,4,0,0,0,0,0,0
8477903,2020,Garnet Hathaway,WSH,R,56,690.72,996,62,106,18,6,12,7,5,30,179,10,10,10,14,17,46,14,37,0,0,0,1,0,1
8482116,2020,Tim Stutzle,OTT,L,43,673.82,824,96,157,25,8,17,9,8,13,40,17,37,6,12,6,12,14,28,8,3,5,0,0,0
8482222,2020,Alexander Barabanov,S.J,L,22,270.85,328,23,42,8,3,5,2,3,14,7,9,9,0,0,3,6,3,6,1,1,0,0,0,0
8480056,2020,Jack Rathbone,VAN,D,8,124.07,152,17,31,3,1,2,0,2,8,9,2,6,0,0,0,0,2,4,1,0,1,0,0,0
8474141,2020,Patrick Kane,CHI,R,56,1249.55,1251,187,319,66,15,51,33,18,14,12,32,45,2,5,7,14,6,10,19,3,16,0,0,0
8478870,2020,Rudolfs Balcers,S.J,L,41,603.32,792,66,99,17,8,9,3,6,29,81,31,15,0,3,8,16,4,8,1,0,1,0,0,0
8475184,2020,Chris Kreider,NYR,L,50,869.87,1109,102,177,30,20,10,7,3,35,115,17,32,30,45,14,34,8,20,13,10,3,0,0,0
8481522,2020,Peyton Krebs,VGK,C,4,45.73,59,1,5,1,0,1,1,0,1,4,1,1,6,3,0,0,0,0,0,0,0,0,0,0
8475197,2020,Tyson Barrie,EDM,D,56,1197.9,1197,146,291,48,8,40,13,27,59,26,16,43,0,0,5,10,11,22,22,4,18,0,0,0
8478416,2020,Erik Cernak,T.B,D,46,912.22,1143,84,159,18,5,13,10,3,45,99,6,10,0,0,16,38,7,20,0,0,0,0,0,0
8470613,2020,Brent Burns,S.J,D,56,1462.23,1613,138,294,29,7,22,14,8,94,31,36,47,0,0,18,36,6,12,6,2,4,1,0,1
8474066,2020,Thomas Hickey,NYI,D,5,81.3,110,2,6,2,0,2,1,1,3,10,0,1,0,0,0,0,0,0,0,0,0,0,0,0
8478502,2020,Dennis Gilbert,COL,D,3,20.15,33,0,1,0,0,0,0,0,1,2,0,0,0,0,1,5,1,5,0,0,0,0,0,0
8476480,2020,Vladislav Namestnikov,DET,C,53,858.77,1098,86,124,17,8,9,3,6,35,71,13,9,137,210,12,24,9,20,0,0,0,0,0,0
8478840,2020,William Borgen,BUF,D,10,162.63,212,7,12,0,0,0,0,0,14,30,0,1,0,0,2,4,0,0,0,0,0,0,0,0
8479066,2020,Ryan Lomberg,FLA,L,34,330.3,465,46,67,4,2,2,2,0,10,85,8,1,0,1,16,47,13,41,0,0,0,0,0,0
8477810,2020,Joel Hanley,DAL,D,35,455.62,650,27,51,8,0,8,2,6,30,40,4,7,0,0,2,2,3,8,0,0,0,0,0,0
8481186,2020,Logan O'Connor,COL,R,22,240.7,337,37,63,5,3,2,2,0,12,29,14,2,2,2,3,6,5,10,0,0,0,0,0,0
8476960,2020,Andreas Athanasiou,L.A,C,47,702.37,927,85,153,23,10,13,9,4,16,11,18,10,4,0,9,27,15,39,1,0,1,0,0,0
8477409,2020,Carter Verhaeghe,FLA,C,43,761.5,932,106,170,36,18,18,9,9,14,30,18,24,23,26,13,31,8,19,2,1,1,1,1,0
8477406,2020,Mattias Janmark,VGK,C,56,955.38,1177,95,148,23,11,12,8,4,14,26,16,25,20,44,5,10,13,26,7,4,3,0,0,0
8477495,2020,Seth Jones,CBJ,D,56,1410.9,1603,141,256,29,5,24,8,16,101,102,20,43,0,0,13,26,4,6,8,2,6,0,0,0
8474038,2020,Paul Byron,MTL,L,46,590.57,882,44,81,16,5,11,8,3,22,116,13,14,11,15,6,12,2,4,0,0,0,1,1,0
8476483,2020,Rickard Rakell,ANA,L,52,926.95,1152,144,265,28,9,19,15,4,16,65,21,23,5,10,6,12,6,12,2,0,2,0,0,0
8479982,2020,Conor Timmins,COL,D,31,420.15,567,31,70,7,0,7,2,5,22,18,6,4,0,0,4,8,2,4,0,0,0,0,0,0
8476931,2020,Jake McCabe,BUF,D,13,249.37,308,15,29,3,1,2,0,2,15,22,6,4,0,0,3,9,4,11,0,0,0,0,0,0
8475278,2020,Byron Froese,CGY,C,6,49.97,76,2,3,1,1,0,0,0,4,8,2,0,12,19,1,2,0,0,0,0,0,0,0,0
8475735,2020,Greg McKegg,BOS,C,5,47.87,70,4,4,1,1,0,0,0,1,7,1,2,20,13,1,2,1,2,0,0,0,0,0,0
8477290,2020,Michael Raffl,WSH,L,44,583.12,860,50,78,11,4,7,5,2,28,71,12,8,32,28,10,23,8,19,0,0,0,0,0,0
8481523,2020,Kirby Dach,CHI,C,18,334.28,364,26,50,10,2,8,6,2,12,7,18,4,76,114,2,4,6,12,1,1,0,0,0,0
8479316,2020,Luke Kunin,NSH,C,38,531.78,703,71,117,19,10,9,6,3,20,84,8,9,15,30,5,13,6,15,0,0,0,0,0,0
8478011,2020,Louie Belpedio,MIN,D,1,13.97,18,2,3,0,0,0,0,0,1,3,0,0,0,0,0,0,0,0,0,0,0,0,0,0
8482062,2020,Cole Smith,NSH,L,1,5.95,9,1,1,0,0,0,0,0,0,0,0,0,0,0,0,0,0,0,0,0,0,0,0,0
8479944,2020,Zach Aston-Reese,PIT,L,45,658.03,980,79,119,15,9,6,1,5,24,95,14,16,7,11,6,15,4,11,0,0,0,1,1,0
8476919,2020,Chris Tierney,OTT,C,55,824.45,1145,53,82,19,6,13,9,4,32,23,22,32,269,321,4,8,5,12,0,0,0,1,0,1
8478485,2020,Zach Senyshyn,BOS,R,8,80.88,127,10,14,0,0,0,0,0,1,11,2,1,0,3,1,2,1,2,0,0,0,0,0,0
8479516,2020,Garrett Pilon,WSH,C,1,10.67,13,0,0,0,0,0,0,0,0,0,1,2,0,0,0,0,0,0,0,0,0,0,0,0
8475181,2020,Nick Leddy,NYI,D,56,1208.98,1423,79,146,31,2,29,13,16,54,58,6,32,0,0,4,8,6,12,10,1,9,0,0,0
8482623,2020,Josh Dunne,CBJ,C,6,62.32,89,7,10,0,0,0,0,0,7,12,1,0,6,28,2,4,1,2,0,0,0,0,0,0
8476419,2020,Jean-Gabriel Pageau,NYI,C,54,906.4,1266,81,130,28,14,14,8,6,58,111,17,19,472,361,5,10,9,18,8,5,3,2,2,0
8477814,2020,Kevin Czuczman,PIT,D,2,23.3,28,2,4,0,0,0,0,0,2,1,0,1,0,0,0,0,0,0,0,0,0,0,0,0
8480073,2020,Erik Brannstrom,OTT,D,30,490.73,661,42,93,13,2,11,5,6,18,26,8,31,0,0,11,25,6,17,3,1,2,0,0,0
8475780,2020,Chris Wagner,BOS,R,41,479.4,684,57,86,5,2,3,0,3,21,75,14,7,41,38,9,24,6,18,0,0,0,1,1,0
8479414,2020,Nathan Bastian,N.J,R,41,517.45,795,46,74,10,3,7,4,3,25,136,11,6,12,21,9,21,6,15,0,0,0,0,0,0
8476463,2020,Jonas Brodin,MIN,D,53,1189.45,1278,80,166,23,9,14,7,7,99,35,14,19,0,0,9,18,7,14,2,1,1,0,0,0
8475906,2020,John Klingberg,DAL,D,53,1202.95,1390,108,231,36,7,29,13,16,52,49,17,51,0,0,11,23,12,27,15,2,13,0,0,0
8476430,2020,Tomas Jurco,VGK,R,8,71.67,104,11,18,1,0,1,1,0,2,4,0,1,0,1,0,0,0,0,0,0,0,0,0,0
8479388,2020,Riley Stillman,CHI,D,21,321.67,413,29,55,1,1,0,0,0,29,50,4,16,0,0,5,16,4,14,0,0,0,0,0,0
8478888,2020,Cameron Hughes,BOS,C,1,16.08,19,3,6,0,0,0,0,0,1,2,3,0,5,7,0,0,0,0,0,0,0,0,0,0
8475204,2020,Brandon Pirri,CHI,C,1,11.48,16,2,2,0,0,0,0,0,0,0,0,0,0,1,0,0,0,0,0,0,0,0,0,0
8479322,2020,Wade Allison,PHI,R,14,181.05,252,24,39,7,4,3,2,1,10,28,6,3,0,1,2,4,1,2,1,1,0,0,0,0
8474040,2020,Sam Gagner,DET,C,42,646.82,793,89,132,15,7,8,5,3,14,5,7,8,81,97,6,15,5,13,1,1,0,0,0,0
8482055,2020,Drew O'Connor,PIT,L,10,89.53,121,8,16,1,0,1,0,1,2,6,2,3,1,1,1,2,1,2,0,0,0,0,0,0
8482369,2020,Brinson Pasichnuk,S.J,D,4,46.48,68,3,6,0,0,0,0,0,3,2,1,2,0,0,1,2,0,0,0,0,0,0,0,0
8473618,2020,Mathieu Perreault,WPG,L,56,655.03,901,57,107,19,9,10,8,2,18,84,15,18,5,8,8,16,12,24,4,2,2,0,0,0
8477335,2020,Kyle Burroughs,COL,D,5,50.4,73,3,8,1,0,1,0,1,2,10,1,1,0,0,1,5,2,7,0,0,0,0,0,0
8471675,2020,Sidney Crosby,PIT,C,55,1121.9,1392,159,251,62,24,38,20,18,28,44,51,54,672,590,13,26,15,32,21,5,16,0,0,0
8477935,2020,Sam Bennett,FLA,C,48,692.22,938,106,169,27,10,17,7,10,18,108,16,27,124,136,13,32,13,32,3,1,2,0,0,0
8474600,2020,Roman Josi,NSH,D,48,1167.27,1291,141,288,33,8,25,12,13,83,27,15,30,0,0,10,20,10,22,13,1,12,1,0,1
8474579,2020,Luca Sbisa,NSH,D,1,11.97,19,0,2,0,0,0,0,0,2,3,0,0,0,0,0,0,0,0,0,0,0,0,0,0
8479675,2020,Trevor Moore,L.A,C,56,814.12,1093,88,164,23,10,13,10,3,10,38,14,17,3,6,9,18,7,14,2,1,1,2,2,0
8481433,2020,Taro Hirose,DET,L,6,85.58,98,11,12,2,0,2,1,1,2,1,1,3,1,1,0,0,2,4,0,0,0,0,0,0
8477950,2020,Tony DeAngelo,NYR,D,6,113.43,135,13,22,1,0,1,0,1,6,3,1,3,0,0,2,4,0,0,1,0,1,0,0,0
8478366,2020,Frank Vatrano,FLA,C,56,812.82,1047,156,243,26,18,8,3,5,21,68,22,16,4,17,13,26,8,14,3,1,2,0,0,0
8474145,2020,Robert Bortuzzo,STL,D,40,566.6,874,31,70,5,1,4,1,3,49,85,7,17,0,0,14,37,6,21,0,0,0,0,0,0
8476292,2020,Ondrej Palat,T.B,L,55,958.83,1139,109,188,46,15,31,16,15,41,82,26,17,0,6,13,26,13,26,20,7,13,0,0,0
8475848,2020,Brendan Gallagher,MTL,R,35,525.05,718,106,177,23,14,9,3,6,12,46,7,9,23,19,7,16,11,22,3,3,0,0,0,0
8482124,2020,Quinton Byfield,L.A,C,6,90.02,113,9,12,1,0,1,0,1,3,3,3,2,26,40,1,2,0,0,0,0,0,0,0,0
8480776,2020,Sheldon Rempal,CAR,R,3,24.88,36,3,5,0,0,0,0,0,3,0,1,1,0,1,0,0,0,0,0,0,0,0,0,0
8477969,2020,Marcus Pettersson,PIT,D,47,774.8,985,46,94,9,2,7,3,4,39,51,10,12,0,0,11,22,2,4,0,0,0,0,0,0
8481105,2020,Otto Leskinen,MTL,D,1,16.38,16,0,2,0,0,0,0,0,0,1,0,2,0,0,0,0,0,0,0,0,0,0,0,0
8476871,2020,Tanner Pearson,VAN,L,51,871.93,1225,110,181,18,10,8,6,2,28,54,23,26,6,10,8,16,11,22,3,2,1,1,0,1
8474034,2020,Pat Maroon,T.B,L,55,635.63,840,46,68,19,4,15,6,9,4,75,6,12,2,10,14,40,10,32,4,2,2,0,0,0
8477949,2020,Alex Tuch,VGK,R,55,925.45,1169,142,242,33,18,15,11,4,36,52,39,18,12,21,14,28,16,32,4,2,2,0,0,0
8480014,2020,Gabriel Vilardi,L.A,C,54,796.62,1084,65,116,23,10,13,7,6,19,18,13,14,291,344,3,6,17,34,4,3,1,0,0,0
8480145,2020,Neal Pionk,WPG,D,54,1185.47,1465,100,200,32,3,29,19,10,74,137,19,44,0,0,10,20,14,28,10,1,9,0,0,0
8479987,2020,Morgan Geekie,CAR,C,36,352.33,477,30,57,9,3,6,6,0,6,28,5,7,74,67,5,10,6,12,2,2,0,0,0,0
8471274,2020,Alex Goligoski,ARI,D,56,1288.37,1474,72,155,22,3,19,7,12,108,76,14,33,0,0,7,14,8,16,7,0,7,0,0,0
8478115,2020,Pierre Engvall,TOR,L,42,501.03,696,61,103,12,7,5,3,2,12,43,6,19,102,135,8,16,3,6,0,0,0,0,0,0
8474176,2020,Carl Hagelin,WSH,L,56,789.68,1095,85,129,16,6,10,8,2,19,22,21,16,3,10,8,19,8,19,0,0,0,1,1,0
8479974,2020,Nolan Patrick,PHI,C,52,690.08,1041,49,104,9,4,5,2,3,18,45,11,17,226,204,10,20,10,20,3,2,1,0,0,0
8476967,2020,Brett Kulak,MTL,D,46,741.22,883,57,113,8,2,6,4,2,54,28,8,33,0,0,10,20,4,8,0,0,0,0,0,0
8477573,2020,Nathan Walker,STL,L,8,107.98,139,10,17,1,1,0,0,0,6,14,3,1,2,3,1,2,1,2,0,0,0,0,0,0
8476428,2020,Rocco Grimaldi,NSH,R,40,511.75,675,62,112,13,10,3,3,0,9,20,17,11,0,2,2,4,7,14,0,0,0,1,1,0
8477450,2020,Jason Dickinson,DAL,C,51,825.78,1199,66,126,15,7,8,4,4,49,78,28,17,136,159,9,18,14,28,1,0,1,0,0,0
8474683,2020,Derek Grant,ANA,C,46,669.78,959,66,122,15,6,9,4,5,40,65,9,12,288,277,11,25,6,13,0,0,0,0,0,0
8475225,2020,Craig Smith,BOS,C,54,803.25,1042,132,236,32,13,19,9,10,8,66,24,16,10,13,9,18,6,12,6,4,2,0,0,0
8480070,2020,Ian Mitchell,CHI,D,39,588.57,746,23,53,7,3,4,1,3,37,17,2,13,0,0,8,14,4,8,0,0,0,0,0,0
8475149,2020,Marcus Johansson,MIN,C,36,574.38,697,46,85,14,6,8,5,3,12,12,10,19,32,53,2,4,5,10,6,2,4,0,0,0
8475233,2020,David Savard,T.B,D,54,1071.68,1321,69,124,6,1,5,0,5,109,132,7,24,0,0,12,24,4,8,0,0,0,1,0,1
8471699,2020,Andrew Cogliano,DAL,C,54,752.1,1181,88,156,11,5,6,4,2,24,79,12,10,4,11,10,24,14,34,0,0,0,1,1,0
8478882,2020,Vladislav Gavrikov,CBJ,D,55,1067.07,1355,48,102,12,2,10,4,6,77,69,17,17,0,0,8,14,2,4,0,0,0,0,0,0
8476458,2020,Ryan Strome,NYR,C,56,1023.63,1266,129,211,49,14,35,19,16,18,22,22,32,322,423,13,29,10,23,17,2,15,2,0,2
8471214,2020,Alex Ovechkin,WSH,L,45,877.58,935,182,351,42,24,18,11,7,23,98,11,20,0,2,6,12,13,26,15,8,7,0,0,0
8471873,2020,Anton Stralman,FLA,D,38,719.72,947,37,80,9,3,6,2,4,31,36,12,19,0,0,4,8,4,8,0,0,0,0,0,0
8478131,2020,Ondrej Kase,BOS,R,3,25.52,37,4,9,0,0,0,0,0,1,1,1,1,0,0,0,0,0,0,0,0,0,0,0,0
8477391,2020,Sean Malone,NSH,C,1,10.63,15,1,1,1,0,1,1,0,0,0,0,0,4,4,1,2,0,0,0,0,0,0,0,0
8475797,2020,Jarred Tinordi,BOS,D,21,358.73,465,30,53,1,0,1,1,0,29,56,6,5,0,0,4,11,3,9,0,0,0,0,0,0
8478460,2020,Zach Werenski,CBJ,D,35,852.57,987,79,141,20,7,13,9,4,39,21,10,19,0,0,5,13,6,15,5,0,5,0,0,0
8471724,2020,Kris Letang,PIT,D,55,1355.67,1487,131,260,45,7,38,26,12,65,92,23,55,0,1,16,32,8,16,15,1,14,1,0,1
8477960,2020,Adrian Kempe,L.A,C,56,948.98,1252,127,238,29,14,15,13,2,21,47,15,20,27,41,13,28,8,16,14,4,10,1,1,0
8477964,2020,Ivan Barbashev,STL,C,38,507.42,676,43,71,12,5,7,6,1,15,49,9,12,82,107,3,6,4,8,1,1,0,0,0,0
8481477,2020,Nico Sturm,MIN,C,50,542.95,743,64,91,17,11,6,4,2,26,48,12,9,69,65,7,17,12,27,0,0,0,0,0,0
8480844,2020,Grigori Denisenko,FLA,L,7,83.58,115,6,11,4,0,4,1,3,2,15,3,0,1,1,1,2,0,0,0,0,0,0,0,0
8479337,2020,Alex DeBrincat,CHI,L,52,1071.83,1124,155,268,56,32,24,14,10,22,70,31,42,16,23,6,12,15,34,17,9,8,1,1,0
8476392,2020,Adam Lowry,WPG,C,52,808.47,1120,81,138,24,10,14,7,7,30,161,16,13,358,357,5,13,10,23,2,0,2,1,1,0
8481058,2020,Jesse Ylonen,MTL,R,1,11.38,14,1,4,0,0,0,0,0,0,0,0,1,0,0,0,0,0,0,0,0,0,0,0,0
8479587,2020,Rhett Gardner,DAL,C,28,278.97,430,23,52,2,1,1,0,1,11,52,5,4,43,57,4,8,5,10,0,0,0,0,0,0
8480196,2020,Jacob Bryson,BUF,D,38,723.73,823,24,65,9,1,8,4,4,43,32,2,17,0,0,6,12,4,8,1,0,1,2,0,2
8478467,2020,Nicolas Meloche,S.J,D,7,67.13,101,6,12,1,0,1,1,0,6,5,0,2,0,0,0,0,0,0,0,0,0,0,0,0
8476888,2020,Mikhail Grigorenko,CBJ,C,32,440.12,549,36,68,12,4,8,6,2,17,14,10,8,9,15,3,6,3,6,0,0,0,0,0,0
8479252,2020,Dan Renouf,COL,D,18,182.95,257,12,18,3,0,3,1,2,3,20,1,3,0,0,5,16,3,12,0,0,0,0,0,0
8477989,2020,Christian Dvorak,ARI,C,56,1028.53,1372,93,152,31,17,14,7,7,45,48,19,18,553,509,6,12,11,20,10,8,2,0,0,0
8476312,2020,Josh Manson,ANA,D,22,403.2,524,19,47,7,1,6,4,2,31,61,5,12,0,0,11,28,4,14,0,0,0,0,0,0
8476851,2020,Alex Galchenyuk,TOR,C,34,432.02,600,62,100,13,5,8,5,3,10,44,6,16,3,3,10,20,5,10,1,1,0,0,0,0
8477454,2020,Adam Erne,DET,L,45,625.82,802,69,101,20,11,9,3,6,16,82,10,6,20,14,10,26,4,14,6,3,3,0,0,0
8482247,2020,Mikko Lehtonen,CBJ,D,26,412.9,520,33,58,6,0,6,3,3,15,30,8,10,0,0,5,8,2,4,1,0,1,0,0,0
8478550,2020,Artemi Panarin,NYR,L,42,825,890,106,222,58,17,41,25,16,7,13,21,26,0,3,3,6,9,18,16,5,11,0,0,0
8475236,2020,Cody Eakin,BUF,C,46,594.97,848,39,59,7,3,4,2,2,20,33,16,14,272,228,7,14,4,8,0,0,0,0,0,0
8475324,2020,Nick Jensen,WSH,D,53,917.27,1129,60,107,14,2,12,6,6,65,56,15,29,0,0,7,14,5,10,0,0,0,0,0,0
8477492,2020,Nathan MacKinnon,COL,C,48,977.97,1093,206,374,65,20,45,28,17,15,38,16,29,239,255,11,27,21,45,23,8,15,0,0,0
8475726,2020,Tyler Toffoli,MTL,C,52,911.18,1182,158,265,44,28,16,9,7,12,75,25,31,21,33,12,24,7,14,10,7,3,3,2,1
8477479,2020,Tyler Bertuzzi,DET,L,9,176.53,200,20,34,7,5,2,1,1,3,13,6,8,1,1,2,4,1,2,3,2,1,0,0,0
8478857,2020,Dmytro Timashov,NYI,L,1,7.22,10,1,1,0,0,0,0,0,0,2,0,0,0,0,0,0,0,0,0,0,0,0,0,0
8479998,2020,Mikey Anderson,L.A,D,54,1144.23,1273,52,110,11,1,10,4,6,73,66,14,34,0,0,15,30,6,12,0,0,0,2,0,2
8475690,2020,Christopher Tanev,CGY,D,56,1216.93,1599,66,122,11,2,9,2,7,107,33,23,57,0,0,3,6,6,12,0,0,0,0,0,0
8473419,2020,Brad Marchand,BOS,L,53,1002.25,1234,143,228,69,29,40,26,14,11,66,42,36,11,24,23,46,18,36,14,4,10,6,3,3
8477456,2020,J.T. Compher,COL,L,48,682.15,958,47,88,18,10,8,5,3,38,32,16,10,215,255,8,19,7,17,2,1,1,0,0,0
8477380,2020,Jonny Brodzinski,NYR,C,5,56.67,91,7,8,1,1,0,0,0,2,4,0,1,0,1,2,4,0,0,0,0,0,0,0,0
8471303,2020,Alexander Edler,VAN,D,52,1087.13,1238,99,177,8,0,8,5,3,118,80,13,26,0,0,21,48,8,19,0,0,0,0,0,0
8481812,2020,Nikolai Knyzhov,S.J,D,56,937.85,1236,51,97,10,2,8,3,5,54,84,18,13,0,0,17,39,4,11,0,0,0,0,0,0
8471735,2020,Keith Yandle,FLA,D,56,967.5,1154,113,217,27,3,24,16,8,26,18,14,31,0,0,19,38,6,12,16,1,15,0,0,0
8476874,2020,Olli Maatta,L.A,D,41,673.88,800,43,78,4,0,4,1,3,53,41,4,23,0,0,3,6,5,10,0,0,0,0,0,0
8475151,2020,Kyle Palmieri,NYI,R,51,844.78,1140,115,223,21,10,11,3,8,12,62,22,24,8,12,10,20,12,24,6,2,4,1,1,0
8480798,2020,Philipp Kurashev,CHI,C,54,705.17,886,65,106,16,8,8,3,5,18,33,18,13,102,147,6,12,7,14,5,2,3,0,0,0
8477520,2020,Jean-Sebastien Dea,BUF,C,1,5.55,8,2,2,0,0,0,0,0,0,0,0,0,0,0,1,2,0,0,0,0,0,0,0,0
8481600,2020,Tobias Bjornfot,L.A,D,33,554.88,684,30,55,6,1,5,2,3,34,28,5,13,0,0,7,14,1,2,0,0,0,0,0,0
8475750,2020,Jon Merrill,MTL,D,49,894.25,1063,41,91,5,0,5,4,1,69,34,7,31,0,0,8,16,4,8,0,0,0,0,0,0
8477932,2020,Aaron Ekblad,FLA,D,35,878.03,1019,102,195,22,11,11,5,6,25,23,11,22,0,0,15,33,8,21,11,6,5,0,0,0
8471804,2020,Nathan Gerbe,CBJ,C,9,100.03,141,9,14,3,1,2,1,1,2,8,2,1,7,6,1,2,1,2,0,0,0,1,0,1
8474688,2020,Greg Pateryn,S.J,D,13,183.8,234,13,29,3,0,3,1,2,17,17,3,5,0,0,3,6,0,0,0,0,0,0,0,0
8471817,2020,Ryan Reaves,VGK,R,37,367.38,516,26,54,5,1,4,1,3,15,141,11,4,4,9,9,27,7,23,0,0,0,0,0,0
8476897,2020,Oskar Sundqvist,STL,C,28,424.32,547,32,50,9,4,5,4,1,24,50,5,9,115,123,7,14,5,12,3,1,2,0,0,0
8475222,2020,Sami Vatanen,DAL,D,39,663.83,838,55,102,6,2,4,4,0,49,27,8,21,0,0,9,20,3,6,0,0,0,0,0,0
8478831,2020,Kevin Stenlund,CBJ,C,32,400.87,518,42,75,10,5,5,4,1,13,17,6,8,103,115,4,8,6,12,1,0,1,0,0,0
8473422,2020,Nick Foligno,TOR,L,49,870.65,1075,81,121,20,7,13,8,5,37,133,13,21,117,144,13,32,15,36,2,1,1,3,0,3
8477498,2020,Darnell Nurse,EDM,D,56,1434.7,1431,155,289,36,16,20,8,12,100,117,24,61,0,0,19,47,12,35,5,1,4,0,0,0
8480005,2020,Kristian Vesalainen,WPG,L,12,104.22,150,5,10,1,0,1,1,0,5,8,2,2,0,0,0,0,1,2,0,0,0,0,0,0
8478434,2020,Keegan Kolesar,VGK,R,44,420.03,588,46,76,12,3,9,3,6,15,107,9,7,62,73,9,30,11,34,0,0,0,0,0,0
8481518,2020,Nolan Foote,N.J,L,6,58.12,86,5,6,2,1,1,0,1,1,5,1,2,0,2,0,0,0,0,0,0,0,0,0,0
8474613,2020,Derek Stepan,OTT,C,20,301.63,432,44,70,6,1,5,3,2,16,25,10,6,130,130,4,8,1,2,2,0,2,0,0,0
8477478,2020,William Carrier,VGK,L,52,541.38,807,65,103,15,6,9,8,1,13,131,12,9,3,5,8,16,18,38,0,0,0,0,0,0
8478508,2020,Yakov Trenin,NSH,C,45,518.58,685,62,106,11,5,6,5,1,21,94,10,13,4,8,11,22,3,6,0,0,0,0,0,0
8475191,2020,Reilly Smith,VGK,R,53,947.25,1181,124,211,25,14,11,8,3,20,46,21,20,0,4,9,18,10,20,4,3,1,1,1,0
8476792,2020,Torey Krug,STL,D,51,1148.58,1399,110,207,32,2,30,14,16,57,51,7,25,0,0,11,25,9,21,10,1,9,0,0,0
8477952,2020,Robby Fabbri,DET,C,30,518.42,594,58,96,18,10,8,7,1,16,34,3,16,85,106,8,16,7,14,2,0,2,0,0,0
8477426,2020,Nick Paul,OTT,L,56,900.6,1238,105,195,20,5,15,10,5,35,74,40,17,219,201,8,19,10,23,2,0,2,4,1,3
8474090,2020,Brendan Smith,NYR,D,48,788.83,1045,58,114,10,5,5,3,2,41,84,7,26,0,0,24,63,25,65,0,0,0,0,0,0
8478466,2020,Daniel Sprong,WSH,R,42,490.08,643,74,127,20,13,7,4,3,1,28,11,13,4,4,6,12,3,6,0,0,0,0,0,0
8475718,2020,Justin Holl,TOR,D,55,1158.47,1407,57,117,20,2,18,7,11,84,82,17,41,0,0,11,25,11,25,0,0,0,1,0,1
8476885,2020,Jacob Trouba,NYR,D,38,816.17,1034,70,156,12,2,10,5,5,84,111,17,24,0,0,11,22,7,14,1,0,1,0,0,0
8481740,2020,Tyce Thompson,N.J,R,7,61.05,96,4,6,1,0,1,1,0,2,5,2,0,0,9,0,0,0,0,0,0,0,0,0,0
8479439,2020,Jacob MacDonald,COL,D,33,493.37,691,49,115,9,1,8,3,5,31,38,8,8,0,0,4,8,1,2,0,0,0,0,0,0
8478403,2020,Jack Eichel,BUF,C,21,430.53,479,61,107,18,2,16,5,11,15,20,4,11,195,197,3,6,5,10,9,1,8,0,0,0
8476368,2020,Fredrik Claesson,T.B,D,6,74.32,109,4,7,0,0,0,0,0,7,10,0,7,0,0,1,2,0,0,0,0,0,0,0,0
8480226,2020,Marian Studenic,N.J,R,8,86.25,130,7,9,2,1,1,0,1,4,13,0,1,0,0,2,4,0,0,0,0,0,0,0,0
8481560,2020,Arthur Kaliyev,L.A,R,1,14.7,18,1,2,1,1,0,0,0,1,0,0,0,0,0,0,0,0,0,0,0,0,0,0,0
8477931,2020,Tomas Nosek,VGK,L,38,494.03,671,59,90,16,8,8,3,5,18,51,8,12,200,186,5,10,3,6,1,0,1,0,0,0
8477845,2020,Trevor van Riemsdyk,WSH,D,20,341.53,420,23,49,3,1,2,0,2,27,13,2,7,0,0,1,2,1,2,1,0,1,0,0,0
8476326,2020,Josh Archibald,EDM,R,52,704.32,953,62,103,13,7,6,4,2,35,192,14,15,4,4,11,27,8,21,0,0,0,0,0,0
8478465,2020,Guillaume Brisebois,VAN,D,1,11.52,14,0,0,0,0,0,0,0,3,0,0,1,0,0,0,0,0,0,0,0,0,0,0,0
8477851,2020,Jordan Oesterle,ARI,D,43,769.8,994,38,86,11,1,10,5,5,63,45,2,21,1,0,5,10,1,2,3,0,3,0,0,0
8480466,2020,Joey Keane,CAR,D,1,19.57,24,1,3,0,0,0,0,0,0,2,0,1,0,0,0,0,1,2,0,0,0,0,0,0
8474031,2020,Kevin Shattenkirk,ANA,D,55,1166.27,1391,93,187,15,2,13,6,7,58,57,14,27,0,0,14,28,8,16,3,1,2,0,0,0
8480002,2020,Nico Hischier,N.J,C,21,388.87,516,44,77,11,6,5,2,3,20,11,12,7,203,157,2,4,3,6,3,2,1,1,1,0
8475808,2020,Michael Chaput,ARI,C,13,122.23,176,3,11,0,0,0,0,0,8,19,2,3,35,34,5,10,0,0,0,0,0,0,0,0
8476917,2020,Adam Pelech,NYI,D,56,1178.42,1448,82,180,14,4,10,5,5,73,66,25,46,0,0,9,18,6,12,0,0,0,2,1,1
8478106,2020,Dylan Sikura,VGK,C,6,61.47,83,8,11,2,2,0,0,0,1,3,5,0,0,0,0,0,2,4,0,0,0,0,0,0
8471260,2020,Blake Comeau,DAL,L,51,802.75,1149,76,134,14,4,10,6,4,18,106,21,17,53,57,12,27,10,23,0,0,0,2,0,2
8480031,2020,Max Comtois,ANA,L,55,849.9,1078,94,181,33,16,17,13,4,34,93,20,39,12,22,17,40,10,26,3,1,2,0,0,0
8476429,2020,Scott Mayfield,NYI,D,56,1091.18,1334,79,166,15,2,13,7,6,108,76,6,37,0,0,13,28,3,6,0,0,0,0,0,0
8478491,2020,Jacob Larsson,ANA,D,46,799.93,1060,42,104,7,1,6,2,4,59,37,4,24,0,0,7,14,0,0,0,0,0,1,0,1
8477508,2020,Curtis Lazar,BOS,C,50,666.18,920,55,91,13,7,6,3,3,22,99,18,7,159,175,3,6,6,12,0,0,0,0,0,0
8481528,2020,Dylan Cozens,BUF,C,41,588.57,754,62,102,13,4,9,8,1,11,30,13,20,95,106,5,16,8,22,1,1,0,0,0,0
8479542,2020,Brandon Hagel,CHI,L,52,727.87,950,91,144,24,9,15,11,4,27,58,31,11,9,13,4,11,12,27,3,0,3,1,0,1
8480853,2020,Liam Foudy,CBJ,C,24,302.23,382,40,63,4,0,4,3,1,5,13,6,5,2,8,3,6,5,10,0,0,0,0,0,0
8477444,2020,Andre Burakovsky,COL,L,53,800.13,1019,102,180,44,19,25,15,10,16,22,16,24,2,2,5,10,7,14,13,4,9,0,0,0
8479462,2020,Tarmo Reunanen,NYR,D,4,53.1,68,5,6,1,0,1,1,0,5,4,1,0,0,0,0,0,0,0,0,0,0,0,0,0
8477369,2020,Carson Soucy,MIN,D,50,764.78,961,47,84,17,1,16,7,9,49,62,12,18,0,0,19,51,6,26,0,0,0,0,0,0
8477070,2020,Liam O'Brien,COL,C,12,78.83,117,6,11,3,0,3,2,1,2,28,0,1,0,0,7,20,6,18,0,0,0,0,0,0
8476882,2020,Teuvo Teravainen,CAR,L,21,345.27,451,49,84,14,5,9,5,4,9,8,10,12,13,7,3,4,2,4,2,0,2,0,0,0
8471233,2020,Travis Zajac,NYI,C,46,755.57,1049,50,93,20,8,12,5,7,22,51,25,14,311,293,3,6,6,12,1,0,1,0,0,0
8480074,2020,Alexandre Texier,CBJ,C,49,776.13,964,75,141,15,4,11,6,5,19,49,24,13,129,228,11,22,10,22,0,0,0,0,0,0
8478013,2020,Jake Walman,STL,D,24,347.1,499,47,85,2,1,1,1,0,20,26,6,16,0,0,4,8,6,12,0,0,0,0,0,0
8474037,2020,James van Riemsdyk,PHI,L,56,926.03,1221,132,197,43,17,26,11,15,16,40,20,10,9,9,7,14,5,10,11,10,1,0,0,0
8480008,2020,Adam Ruzicka,CGY,C,3,32.25,48,3,8,1,0,1,0,1,0,1,0,1,14,15,2,4,0,0,0,0,0,0,0,0
8474102,2020,David Perron,STL,L,56,1038.67,1214,152,289,58,19,39,20,19,25,45,17,32,0,6,11,22,11,22,18,4,14,0,0,0
8478420,2020,Mikko Rantanen,COL,R,52,1035.67,1178,177,310,66,30,36,18,18,20,26,32,16,32,32,17,34,18,38,23,9,14,0,0,0
8478507,2020,John Marino,PIT,D,52,1078.15,1324,56,106,13,3,10,5,5,50,48,29,21,0,0,4,8,5,10,4,1,3,1,0,1
8476924,2020,Martin Frk,L.A,R,1,9.35,13,0,1,0,0,0,0,0,0,1,0,0,0,0,0,0,0,0,0,0,0,0,0,0
8474567,2020,Zach Bogosian,TOR,D,45,654.17,873,36,85,4,0,4,2,2,31,67,7,19,0,0,13,29,3,9,0,0,0,0,0,0
8480035,2020,Henri Jokiharju,BUF,D,46,845.5,974,50,109,8,3,5,3,2,53,47,9,12,0,0,2,4,2,4,0,0,0,0,0,0
8479986,2020,Kole Lind,VAN,R,7,92.07,116,4,12,0,0,0,0,0,3,8,2,2,0,0,0,0,0,0,0,0,0,0,0,0
8481481,2020,Blake Lizotte,L.A,C,41,521.23,772,42,77,10,3,7,1,6,21,32,6,6,180,174,8,16,11,22,0,0,0,0,0,0
8479344,2020,Jesse Puljujarvi,EDM,R,55,832.05,1011,115,179,25,15,10,5,5,20,101,23,30,0,3,8,16,15,30,4,2,2,0,0,0
8476344,2020,Tyler Graovac,VAN,C,14,136.15,194,17,26,4,3,1,1,0,5,13,6,3,42,50,3,6,4,8,1,1,0,0,0,0
8476975,2020,Cedric Paquette,CAR,C,47,439.28,651,33,62,8,4,4,0,4,26,136,10,6,33,42,9,21,8,19,0,0,0,0,0,0
8482241,2020,Radim Zohorna,PIT,L,8,72.23,107,8,11,4,2,2,2,0,0,7,3,0,5,3,2,4,1,2,1,0,1,0,0,0
8471686,2020,Marc Staal,DET,D,56,1032.78,1318,53,99,10,3,7,4,3,45,58,9,36,0,0,11,20,5,10,0,0,0,0,0,0
8480459,2020,Pius Suter,CHI,C,55,898,1074,112,156,27,14,13,11,2,34,28,25,18,264,359,7,16,6,12,3,1,2,0,0,0
8476381,2020,Andrew Shaw,CHI,R,14,210.13,250,24,38,4,2,2,2,0,4,20,3,3,30,25,3,6,5,10,4,2,2,0,0,0
8481626,2020,Arttu Ruotsalainen,BUF,C,17,237.68,307,28,46,6,5,1,1,0,4,16,4,5,4,6,4,8,3,6,0,0,0,0,0,0
8474189,2020,Lars Eller,WSH,C,44,719.87,947,69,134,23,8,15,6,9,16,36,19,20,333,328,9,21,12,32,4,0,4,0,0,0
8477476,2020,Artturi Lehkonen,MTL,L,47,632.35,915,78,128,13,7,6,2,4,23,85,3,13,5,8,3,6,8,16,0,0,0,3,2,1
8479994,2020,Jaret Anderson-Dolan,L.A,C,34,458.08,628,37,65,11,7,4,2,2,20,52,4,7,132,170,3,6,2,4,1,1,0,0,0,0
8475810,2020,Bryan Rust,PIT,R,56,1104.55,1387,154,258,42,22,20,10,10,30,62,30,30,3,3,9,18,10,20,10,6,4,0,0,0
8476927,2020,Teddy Blueger,PIT,C,43,638.55,939,49,77,22,7,15,13,2,25,53,11,12,200,213,5,16,8,22,0,0,0,2,2,0
8480901,2020,Karson Kuhlman,BOS,C,20,212.73,295,31,47,2,2,0,0,0,4,27,2,1,2,2,0,0,1,2,0,0,0,0,0,0
8479356,2020,Kieffer Bellows,NYI,L,14,154.28,200,19,36,3,3,0,0,0,5,36,2,2,2,2,2,4,4,8,0,0,0,0,0,0
8474162,2020,Jake Muzzin,TOR,D,53,1141.77,1381,103,192,27,4,23,9,14,94,101,24,62,0,0,13,29,5,13,2,1,1,1,1,0
8475772,2020,Riley Sheahan,BUF,C,53,704.95,982,44,69,13,4,9,7,2,15,17,11,9,256,247,4,8,7,14,0,0,0,1,1,0
8478474,2020,Lawson Crouse,ARI,L,51,728.88,1058,70,135,13,4,9,8,1,30,155,20,11,20,23,11,36,13,32,1,0,1,0,0,0
8475763,2020,Kevin Hayes,PHI,C,55,963.38,1266,126,225,31,12,19,13,6,14,60,22,27,234,244,11,22,11,22,8,2,6,0,0,0
8478949,2020,Kole Sherwood,CBJ,R,6,62.12,82,7,7,1,0,1,0,1,0,22,1,0,0,0,2,7,1,5,0,0,0,0,0,0
8478463,2020,Anthony Beauvillier,NYI,L,47,770.85,954,109,174,28,15,13,6,7,13,39,15,27,2,5,6,12,9,18,4,3,1,0,0,0
8477355,2020,Will Butcher,N.J,D,23,437.97,519,37,75,11,1,10,4,6,28,7,8,8,0,0,1,2,2,4,1,0,1,0,0,0
8471685,2020,Anze Kopitar,L.A,C,56,1186.37,1390,118,216,50,13,37,24,13,37,45,12,34,661,493,5,10,11,22,20,3,17,0,0,0
8476869,2020,Brady Skjei,CAR,D,52,1078.08,1255,104,179,10,3,7,2,5,62,66,21,42,0,0,15,30,6,12,0,0,0,1,0,1
8475218,2020,Mattias Ekholm,NSH,D,48,1101.15,1315,110,229,23,6,17,9,8,46,23,17,32,0,0,7,14,3,6,2,0,2,1,0,1
8477314,2020,Brian Pinho,WSH,C,2,15.62,22,3,3,0,0,0,0,0,1,1,0,0,8,6,0,0,0,0,0,0,0,0,0,0
8475186,2020,John Moore,BOS,D,5,104.93,126,8,15,2,0,2,2,0,6,9,0,4,0,0,1,2,0,0,1,0,1,0,0,0
8478906,2020,Markus Nutivaara,FLA,D,30,479.13,655,45,84,10,0,10,3,7,13,35,8,11,0,0,6,12,2,4,0,0,0,0,0,0
8478440,2020,Dylan Strome,CHI,C,40,620.03,713,71,112,17,9,8,6,2,19,8,17,16,197,221,7,14,5,10,7,4,3,0,0,0
8475413,2020,Justin Dowling,DAL,C,27,298.92,433,27,55,5,1,4,3,1,3,17,6,6,43,43,3,6,3,6,1,0,1,0,0,0
8477365,2020,Connor Clifton,BOS,D,44,801.35,1054,48,103,7,1,6,2,4,52,108,13,15,0,0,14,38,7,20,0,0,0,1,0,1
8478462,2020,Nicolas Roy,VGK,C,50,650.65,862,52,93,15,6,9,5,4,23,50,26,12,142,175,7,14,12,24,0,0,0,0,0,0
8466138,2020,Joe Thornton,TOR,C,44,603.95,795,42,66,20,5,15,8,7,10,32,13,29,39,29,7,14,5,12,5,0,5,0,0,0
8478067,2020,Oskar Lindblom,PHI,L,50,659.08,1013,58,102,14,8,6,4,2,24,43,10,9,3,2,3,9,4,11,0,0,0,0,0,0
8473507,2020,Jeff Petry,MTL,D,55,1249.85,1380,128,259,42,12,30,13,17,60,97,10,75,0,0,10,20,9,18,13,4,9,1,0,1
8477149,2020,Scott Sabourin,TOR,R,1,4.48,7,0,0,0,0,0,0,0,0,3,0,0,0,0,1,5,1,5,0,0,0,0,0,0
8481178,2020,Egor Zamula,PHI,D,2,34.13,46,5,8,0,0,0,0,0,1,1,1,0,0,0,0,0,0,0,0,0,0,0,0,0
8478400,2020,Colin White,OTT,C,45,661.1,900,69,132,18,10,8,4,4,18,58,15,25,170,232,8,16,7,14,4,2,2,0,0,0
8479382,2020,Connor Bunnaman,PHI,C,18,208.9,311,15,27,1,0,1,1,0,6,31,5,0,56,48,1,2,0,0,0,0,0,0,0,0
8475745,2020,Charlie Coyle,BOS,C,51,831.2,1066,79,127,16,6,10,5,5,24,57,28,19,244,263,10,20,12,24,2,0,2,0,0,0
8480326,2020,Sheldon Dries,COL,C,3,23.43,42,1,5,0,0,0,0,0,0,6,1,0,0,1,2,4,1,2,0,0,0,0,0,0
8479378,2020,Logan Stanley,WPG,D,37,489.23,650,63,131,4,1,3,0,3,31,49,7,21,0,0,10,26,6,18,0,0,0,0,0,0
8476404,2020,Andy Andreoff,PHI,C,6,52,83,2,4,0,0,0,0,0,1,14,1,0,15,9,3,9,1,5,0,0,0,0,0,0
8480078,2020,Filip Chytil,NYR,C,42,555.45,746,76,123,22,8,14,8,6,19,15,23,25,130,174,5,10,7,14,0,0,0,0,0,0
8473994,2020,Jamie Benn,DAL,L,52,924.88,1255,124,209,35,11,24,14,10,27,73,18,36,266,210,10,23,5,13,8,3,5,0,0,0
8476390,2020,Joseph Cramarossa,MIN,C,4,43.07,62,3,3,1,0,1,1,0,1,10,0,2,0,0,1,5,1,5,0,0,0,0,0,0
8476438,2020,Brandon Saad,COL,L,44,619.73,851,68,129,24,15,9,2,7,10,16,8,17,27,35,6,12,6,12,3,2,1,0,0,0
8477930,2020,Pierre-Edouard Bellemare,COL,C,53,600.32,886,60,101,11,9,2,0,2,36,26,17,11,259,169,9,21,5,13,0,0,0,0,0,0
8479358,2020,Carsen Twarynski,PHI,L,7,61.98,94,4,7,0,0,0,0,0,2,17,0,0,1,2,1,2,0,0,0,0,0,0,0,0
8481572,2020,Ville Heinola,WPG,D,5,77.65,106,9,10,0,0,0,0,0,9,2,1,2,0,0,1,2,0,0,0,0,0,0,0,0
8475844,2020,Kenny Agostino,TOR,L,1,4.13,6,0,0,0,0,0,0,0,0,0,0,0,0,0,0,0,0,0,0,0,0,0,0,0
8480053,2020,Alexander Chmelevski,S.J,C,5,48.77,66,8,10,2,0,2,1,1,1,7,2,0,4,8,1,2,1,2,0,0,0,0,0,0
8480058,2020,Pierre-Olivier Joseph,PIT,D,16,268.62,358,27,48,5,1,4,4,0,7,22,4,8,0,0,3,6,4,8,0,0,0,0,0,0
8476474,2020,Stefan Noesen,TOR,R,6,57.65,86,5,5,0,0,0,0,0,0,4,1,0,1,3,1,2,2,4,0,0,0,0,0,0
8479398,2020,Samuel Girard,COL,D,48,1114.2,1367,79,186,32,5,27,16,11,52,31,14,32,0,1,8,16,14,28,9,0,9,0,0,0
8478421,2020,A.J. Greer,N.J,L,1,8.55,12,0,0,0,0,0,0,0,0,0,0,0,0,0,2,7,1,5,0,0,0,0,0,0
8480871,2020,Adam Boqvist,CHI,D,35,596.47,692,39,84,15,2,13,2,11,28,29,7,20,1,1,8,14,11,22,6,0,6,0,0,0
8477511,2020,Anthony Mantha,WSH,R,56,1014.23,1158,137,235,29,15,14,10,4,27,49,11,30,18,23,11,25,10,23,4,3,1,0,0,0
8478040,2020,Austin Poganski,STL,R,5,37.82,51,0,1,0,0,0,0,0,2,8,2,2,0,0,0,0,1,2,0,0,0,0,0,0
8477944,2020,Jakub Vrana,DET,L,50,750.32,959,100,196,36,19,17,11,6,8,29,20,31,4,5,5,10,4,8,5,0,5,0,0,0
8481640,2020,Lean Bergmann,S.J,C,1,10.32,16,1,1,0,0,0,0,0,1,3,1,0,0,0,2,4,0,0,0,0,0,0,0,0
8478864,2020,Kirill Kaprizov,MIN,L,55,1006.5,1053,157,279,51,27,24,17,7,18,29,27,35,3,21,8,16,24,48,11,8,3,0,0,0
8479546,2020,Oskar Steen,BOS,C,3,40.22,52,6,10,0,0,0,0,0,1,11,0,1,0,0,1,2,0,0,0,0,0,0,0,0
8480769,2020,Joel L'Esperance,DAL,C,12,113.05,170,8,20,2,2,0,0,0,0,16,1,3,7,10,1,2,1,2,0,0,0,0,0,0
8471698,2020,T.J. Oshie,WSH,R,53,957.65,1134,106,170,43,22,21,13,8,27,70,28,28,139,151,9,18,12,24,15,13,2,0,0,0
8477463,2020,Steven Santini,STL,D,3,42.02,55,9,13,1,0,1,0,1,2,12,1,2,0,0,0,0,0,0,0,0,0,0,0,0
8476448,2020,William Karlsson,VGK,C,56,1045.43,1270,111,198,39,14,25,14,11,29,29,30,15,519,440,2,4,8,16,8,1,7,1,0,1
8474618,2020,Marco Scandella,STL,D,49,976.9,1365,55,113,9,3,6,1,5,65,60,19,29,0,0,12,24,4,8,0,0,0,1,0,1
8480028,2020,Morgan Frost,PHI,C,2,20.47,31,0,2,0,0,0,0,0,0,0,0,1,10,10,0,0,0,0,0,0,0,0,0,0
8476925,2020,Colton Sissons,NSH,C,54,776.8,1074,58,95,15,8,7,4,3,28,74,15,9,318,272,9,18,5,8,0,0,0,1,0,1
8476432,2020,Boone Jenner,CBJ,C,41,737.97,921,79,131,16,8,8,5,3,53,76,14,22,301,245,3,6,6,12,1,1,0,1,1,0
8474291,2020,Jay Beagle,VAN,C,30,376.1,607,21,38,5,1,4,3,1,8,34,11,4,173,135,4,8,7,14,0,0,0,0,0,0
8477451,2020,Ryan Hartman,MIN,R,51,768.83,910,74,138,22,7,15,8,7,33,55,21,29,198,279,15,33,10,23,3,0,3,2,1,1
8479772,2020,Zack MacEwen,VAN,C,34,293.78,472,31,56,2,1,1,0,1,9,65,6,6,4,4,12,44,10,38,0,0,0,0,0,0
8477956,2020,David Pastrnak,BOS,R,48,893.67,996,176,334,48,20,28,21,7,13,35,25,31,2,5,12,24,22,44,10,3,7,0,0,0
8477501,2020,Valeri Nichushkin,COL,R,55,774.35,1065,98,172,21,10,11,4,7,28,65,23,5,1,2,2,4,9,18,1,0,1,1,1,0
8481554,2020,Kaapo Kakko,NYR,R,48,688.68,896,81,136,17,9,8,3,5,16,14,31,11,3,3,5,10,9,18,3,2,1,0,0,0
8479573,2020,Mikhail Maltsev,N.J,L,33,377.75,541,55,110,9,6,3,1,2,8,26,24,11,74,86,2,4,7,14,0,0,0,0,0,0
8476891,2020,Matt Grzelcyk,BOS,D,37,730.5,951,80,126,20,5,15,9,6,34,19,14,11,0,0,11,22,1,2,7,1,6,0,0,0
8474716,2020,Jared Spurgeon,MIN,D,54,1193.03,1308,94,192,25,7,18,7,11,102,52,17,11,0,0,3,6,4,8,6,2,4,0,0,0
8478075,2020,Anders Bjork,BUF,L,45,624.98,821,41,83,11,5,6,4,2,13,48,25,13,0,1,7,14,7,16,0,0,0,1,0,1
8479992,2020,Michael Rasmussen,DET,C,40,592.15,775,62,94,12,3,9,8,1,28,72,7,9,134,168,13,26,11,22,2,0,2,0,0,0
8477482,2020,Zach Sanford,STL,L,52,774.3,1018,67,125,16,10,6,3,3,44,69,12,11,28,40,11,25,11,25,3,3,0,1,0,1
8480830,2020,Andrei Svechnikov,CAR,R,55,964.65,1177,147,288,42,15,27,13,14,18,114,23,45,2,4,22,44,18,36,17,4,13,0,0,0
8474053,2020,Logan Couture,S.J,C,53,1021.28,1327,114,196,31,17,14,6,8,39,58,27,16,446,455,11,25,9,21,6,2,4,1,1,0
8481624,2020,Ilya Mikheyev,TOR,R,54,767.32,1050,107,173,17,7,10,6,4,28,49,21,25,2,0,3,6,10,20,0,0,0,1,0,1
8477244,2020,Chad Ruhwedel,PIT,D,17,249.78,352,16,43,2,0,2,1,1,13,32,1,2,0,0,7,14,0,0,0,0,0,0,0,0
8479999,2020,Casey Mittelstadt,BUF,C,41,651.17,845,61,94,22,10,12,6,6,12,9,18,18,216,225,5,10,5,10,6,3,3,2,1,1
8477446,2020,Michael McCarron,NSH,R,6,61.75,85,3,8,0,0,0,0,0,0,12,2,0,18,24,4,16,2,4,0,0,0,0,0,0
8479511,2020,Janne Kuokkanen,N.J,L,46,695.22,933,60,108,25,8,17,9,8,18,9,22,13,1,8,5,12,9,18,4,1,3,0,0,0
8475279,2020,Ben Chiarot,MTL,D,41,893.2,998,81,157,7,1,6,4,2,60,77,9,51,0,0,18,50,7,26,1,1,0,0,0,0
8480817,2020,K'Andre Miller,NYR,D,53,1118.82,1398,62,136,12,5,7,2,5,77,93,33,45,0,0,9,20,6,12,1,0,1,1,0,1
8479369,2020,Andrew Peeke,CBJ,D,11,188.68,241,5,13,3,0,3,0,3,15,35,5,6,0,0,2,4,1,2,0,0,0,0,0,0
8477021,2020,Alexander Kerfoot,TOR,C,56,808.88,1117,68,118,23,8,15,8,7,34,41,17,30,124,180,6,12,10,20,2,0,2,1,1,0
8477343,2020,Tyler Lewington,NSH,D,2,28.33,43,4,6,1,0,1,1,0,4,1,0,1,0,0,3,9,1,5,0,0,0,0,0,0
8476456,2020,Jonathan Huberdeau,FLA,L,55,1012.15,1165,123,191,61,20,41,22,19,11,51,37,42,17,23,13,26,22,44,22,5,17,0,0,0
8476918,2020,Jimmy Vesey,VAN,L,50,636.17,874,58,93,10,5,5,4,1,19,38,12,10,3,9,5,10,8,19,0,0,0,1,0,1
8476854,2020,Hampus Lindholm,ANA,D,18,396.53,479,29,68,6,2,4,1,3,19,9,7,15,0,0,9,16,2,4,1,0,1,0,0,0
8478104,2020,Sammy Blais,STL,L,36,434.32,560,31,53,15,8,7,4,3,10,103,9,11,3,1,6,12,6,12,0,0,0,0,0,0
8476934,2020,Brock McGinn,CAR,L,37,554.47,762,58,102,13,8,5,2,3,12,44,16,9,3,11,3,6,10,20,0,0,0,1,1,0
8477512,2020,Frederik Gauthier,ARI,C,2,13.48,20,1,1,0,0,0,0,0,1,1,0,0,6,10,1,2,0,0,0,0,0,0,0,0
8474573,2020,Josh Bailey,NYI,R,54,944.8,1174,77,122,35,8,27,15,12,19,13,19,39,14,18,2,4,0,0,9,0,9,0,0,0
8480800,2020,Quinn Hughes,VAN,D,56,1277.5,1304,98,233,41,3,38,20,18,43,18,34,60,0,0,11,22,7,14,17,0,17,0,0,0
8478911,2020,Matt Roy,L.A,D,44,847.6,1020,57,146,10,2,8,1,7,67,61,4,25,0,0,4,8,4,8,1,0,1,1,0,1
8477503,2020,Max Domi,CBJ,C,54,821.75,1043,99,153,24,9,15,13,2,10,15,18,41,192,205,16,35,11,25,3,2,1,0,0,0
8479371,2020,Dante Fabbro,NSH,D,40,771.48,964,58,98,12,2,10,5,5,56,32,8,26,0,0,10,23,5,13,2,1,1,0,0,0
8477940,2020,Nikolaj Ehlers,WPG,L,47,794.03,967,148,253,47,21,26,11,15,12,26,18,19,1,0,6,15,21,45,13,6,7,0,0,0
8477979,2020,Nicolas Aube-Kubel,PHI,R,50,558.73,816,53,93,12,3,9,4,5,16,120,16,17,2,2,18,44,12,30,0,0,0,0,0,0
8480822,2020,Martin Kaut,COL,R,5,39.98,57,2,3,0,0,0,0,0,1,6,0,0,0,0,2,4,0,0,0,0,0,0,0,0
8479411,2020,Vitaly Abramov,OTT,L,2,19.43,24,0,2,0,0,0,0,0,0,0,0,0,0,0,0,0,0,0,0,0,0,0,0,0
8479293,2020,Brandon Tanev,PIT,L,32,461.93,707,43,62,16,7,9,5,4,33,139,26,11,3,8,3,12,5,13,0,0,0,2,1,1
8474602,2020,Justin Schultz,WSH,D,46,874.78,1064,67,130,27,3,24,19,5,49,28,12,25,0,0,6,10,4,8,8,0,8,0,0,0
8478445,2020,Mathew Barzal,NYI,C,55,1031.42,1141,134,217,45,17,28,14,14,13,22,28,45,152,197,18,38,20,40,7,1,6,0,0,0
8476407,2020,Andy Welinski,ANA,D,13,195.33,240,16,35,0,0,0,0,0,7,14,2,7,0,0,0,0,1,2,0,0,0,0,0,0
8473563,2020,Nicklas Backstrom,WSH,C,55,1022.72,1221,91,161,53,15,38,16,22,27,25,33,24,353,378,7,14,8,16,20,4,16,0,0,0
8477073,2020,Kurtis MacDermid,L.A,D,28,374,513,16,42,4,2,2,0,2,35,46,2,17,0,0,12,36,6,24,0,0,0,0,0,0
8481813,2020,Gaetan Haas,EDM,C,34,386.18,567,24,50,3,2,1,1,0,29,31,9,10,139,168,5,10,4,8,0,0,0,0,0,0
8479365,2020,Trent Frederic,BOS,C,42,472.95,645,44,75,5,4,1,1,0,15,61,9,7,37,33,8,25,14,37,0,0,0,0,0,0
8476285,2020,Matthew Peca,OTT,C,5,44.45,64,3,7,1,0,1,1,0,3,9,1,3,0,5,0,0,0,0,0,0,0,0,0,0
8476988,2020,Matt Benning,NSH,D,53,865.25,1178,43,97,4,1,3,0,3,52,55,3,28,0,0,10,20,10,22,0,0,0,1,0,1
8476467,2020,Jamie Oleksiak,DAL,D,56,1146.78,1486,84,145,14,6,8,3,5,88,148,17,41,0,0,13,35,9,27,0,0,0,0,0,0
8476331,2020,Dylan DeMelo,WPG,D,52,882.48,1113,44,89,9,0,9,5,4,58,76,9,48,0,0,10,20,3,6,0,0,0,1,0,1
8481582,2020,Nicholas Robertson,TOR,L,6,56.57,79,9,18,1,0,1,0,1,2,3,1,1,0,0,0,0,0,0,0,0,0,0,0,0
8476389,2020,Vincent Trocheck,CAR,C,47,856.62,1041,123,189,43,17,26,14,12,28,107,17,31,430,337,10,20,14,28,17,7,10,0,0,0
8480467,2020,Austin Strand,L.A,D,13,180.05,223,11,27,1,0,1,0,1,15,14,2,1,0,0,4,8,1,2,0,0,0,0,0,0
8481596,2020,Shane Pinto,OTT,C,12,150.25,213,11,31,7,1,6,2,4,9,11,7,3,45,65,5,10,2,4,0,0,0,0,0,0
8480012,2020,Elias Pettersson,VAN,C,26,482.78,585,63,126,21,10,11,5,6,9,11,11,13,63,77,3,6,13,26,4,3,1,0,0,0
8477330,2020,Dominik Kubalik,CHI,L,56,864.05,1038,155,260,38,17,21,11,10,17,57,10,18,0,3,9,18,9,18,12,3,9,0,0,0
8471676,2020,Bobby Ryan,DET,R,33,506.65,615,73,118,14,7,7,6,1,16,31,10,12,5,11,7,17,7,17,3,1,2,0,0,0
8474604,2020,Aaron Ness,ARI,D,1,12.83,18,1,2,0,0,0,0,0,0,2,0,0,0,0,0,0,0,0,0,0,0,0,0,0
8480336,2020,Sean Walker,L.A,D,47,853.93,1044,92,181,17,5,12,4,8,72,43,10,24,0,0,9,18,1,2,1,0,1,0,0,0
8476422,2020,Mike Reilly,BOS,D,55,1060.25,1395,98,169,27,0,27,8,19,43,70,16,43,0,0,11,22,4,10,4,0,4,0,0,0
8478874,2020,Adam Gaudette,CHI,C,40,445.53,685,66,109,11,5,6,3,3,22,16,9,6,54,71,6,12,7,14,3,0,3,0,0,0
8480762,2020,Eric Robinson,CBJ,L,56,694,942,75,137,18,8,10,8,2,16,94,15,18,3,3,2,4,4,8,0,0,0,1,1,0
8478868,2020,Christian Jaros,S.J,D,7,78.3,118,3,10,1,0,1,0,1,8,9,3,2,0,0,1,2,1,2,0,0,0,0,0,0
8479325,2020,Charlie McAvoy,BOS,D,51,1224.33,1467,92,189,30,5,25,12,13,80,65,20,44,0,0,19,38,10,22,6,1,5,1,0,1
8478585,2020,Derek Ryan,CGY,C,43,511.42,764,37,70,13,2,11,8,3,21,13,20,16,153,141,8,16,14,28,0,0,0,0,0,0
8471262,2020,Carl Soderberg,COL,C,45,645.78,822,61,87,17,7,10,6,4,36,66,10,16,202,190,9,18,8,16,4,3,1,1,0,1
8478512,2020,Austin Czarnik,NYI,C,4,49.97,66,2,4,0,0,0,0,0,2,2,1,1,7,5,0,0,0,0,0,0,0,0,0,0
8478427,2020,Sebastian Aho,CAR,C,56,1090.35,1303,148,251,57,24,33,25,8,25,38,33,61,365,327,16,32,13,26,16,5,11,2,2,0
8473548,2020,Phil Kessel,ARI,R,56,955.13,1212,115,206,43,20,23,9,14,9,8,19,20,1,3,6,12,3,6,13,4,9,0,0,0
8478449,2020,Roope Hintz,DAL,L,41,747.87,1008,92,186,43,15,28,19,9,15,52,8,23,230,239,2,4,6,12,18,6,12,0,0,0
8476822,2020,Luke Glendening,DET,C,54,799.42,1151,67,110,15,6,9,5,4,56,68,10,7,525,333,10,20,7,14,0,0,0,0,0,0
8475172,2020,Nazem Kadri,COL,C,56,923.12,1148,170,289,32,11,21,16,5,19,36,22,26,392,351,17,34,25,50,9,3,6,0,0,0
8478915,2020,Sami Niku,WPG,D,6,77.8,116,2,8,0,0,0,0,0,7,0,0,5,0,0,4,8,1,2,0,0,0,0,0,0
8475792,2020,Brett Connolly,CHI,R,31,375.95,493,25,56,6,3,3,3,0,8,43,7,4,4,9,2,4,3,6,1,0,1,0,0,0
8479977,2020,Kailer Yamamoto,EDM,R,52,850.63,956,70,118,21,8,13,10,3,40,52,32,21,0,1,13,26,13,26,2,1,1,1,0,1
8474068,2020,Kyle Turris,EDM,C,27,332.92,424,27,51,5,2,3,3,0,8,16,8,7,97,107,5,10,2,4,0,0,0,0,0,0
8476966,2020,Gemel Smith,T.B,C,5,50.22,72,0,1,3,0,3,2,1,1,6,1,1,17,23,4,11,2,7,0,0,0,0,0,0
8475235,2020,Nicolas Deslauriers,ANA,L,49,554.57,782,65,126,10,5,5,2,3,20,136,4,5,1,3,14,43,8,31,0,0,0,0,0,0
8479602,2020,Jeremy Davies,NSH,D,16,240.65,313,19,35,1,0,1,1,0,7,11,3,9,0,0,4,8,2,4,0,0,0,0,0,0
8474870,2020,Tyler Johnson,T.B,C,55,750.3,974,76,122,22,8,14,10,4,15,63,4,7,170,140,8,16,7,14,3,2,1,0,0,0
8476441,2020,Joel Edmundson,MTL,D,55,1102.13,1304,77,180,13,3,10,4,6,75,98,6,69,0,0,11,25,8,19,0,0,0,0,0,0
8470612,2020,Ryan Getzlaf,ANA,C,48,795.78,1007,70,133,17,5,12,6,6,46,66,24,40,350,326,12,33,10,29,2,1,1,0,0,0
8474563,2020,Drew Doughty,L.A,D,56,1476.02,1522,101,234,33,8,25,11,14,83,91,8,40,0,0,13,26,8,16,14,5,9,1,0,1
8479355,2020,Olli Juolevi,VAN,D,23,303.82,420,24,57,3,2,1,1,0,30,23,2,9,0,0,0,0,1,2,0,0,0,0,0,0
8470755,2020,Brad Richardson,NSH,R,17,208.97,298,18,27,4,1,3,3,0,9,14,4,1,77,72,2,4,1,2,0,0,0,0,0,0
8478074,2020,Anthony Angello,PIT,C,19,151.68,239,19,27,4,2,2,2,0,2,51,1,1,0,0,4,8,1,2,1,1,0,0,0,0
8474849,2020,Antoine Roussel,VAN,L,35,402.7,657,28,49,4,1,3,3,0,18,63,9,14,2,2,12,27,5,13,0,0,0,1,0,1
8480001,2020,Urho Vaakanainen,BOS,D,9,170.25,216,15,26,2,0,2,0,2,19,3,1,4,0,0,1,2,1,2,0,0,0,0,0,0
